timestamp,sensor_id,valor
2025-09-01 00:00:00,sensor_temp,20.11
2025-09-01 00:00:00,sensor_lux,0.0
2025-09-01 00:00:00,sensor_ocupacao,0.0
2025-09-01 00:15:00,sensor_temp,20.14
2025-09-01 00:15:00,sensor_lux,0.0
2025-09-01 00:15:00,sensor_ocupacao,1.0
2025-09-01 00:30:00,sensor_temp,20.9
2025-09-01 00:30:00,sensor_lux,0.0
2025-09-01 00:30:00,sensor_ocupacao,0.0
2025-09-01 00:45:00,sensor_temp,22.72
2025-09-01 00:45:00,sensor_lux,0.0
2025-09-01 00:45:00,sensor_ocupacao,0.0
2025-09-01 01:00:00,sensor_temp,21.06
2025-09-01 01:00:00,sensor_lux,0.0
2025-09-01 01:00:00,sensor_ocupacao,0.0
2025-09-01 01:15:00,sensor_temp,19.44
2025-09-01 01:15:00,sensor_lux,0.0
2025-09-01 01:15:00,sensor_ocupacao,0.0
2025-09-01 01:30:00,sensor_temp,20.15
2025-09-01 01:30:00,sensor_lux,0.0
2025-09-01 01:30:00,sensor_ocupacao,0.0
2025-09-01 01:45:00,sensor_temp,19.75
2025-09-01 01:45:00,sensor_lux,0.0
2025-09-01 01:45:00,sensor_ocupacao,0.0
2025-09-01 02:00:00,sensor_temp,20.11
2025-09-01 02:00:00,sensor_lux,0.0
2025-09-01 02:00:00,sensor_ocupacao,0.0
2025-09-01 02:15:00,sensor_temp,20.17
2025-09-01 02:15:00,sensor_lux,0.0
2025-09-01 02:15:00,sensor_ocupacao,1.0
2025-09-01 02:30:00,sensor_temp,18.9
2025-09-01 02:30:00,sensor_lux,0.0
2025-09-01 02:30:00,sensor_ocupacao,0.0
2025-09-01 02:45:00,sensor_temp,20.17
2025-09-01 02:45:00,sensor_lux,0.0
2025-09-01 02:45:00,sensor_ocupacao,0.0
2025-09-01 03:00:00,sensor_temp,18.57
2025-09-01 03:00:00,sensor_lux,0.0
2025-09-01 03:00:00,sensor_ocupacao,0.0
2025-09-01 03:15:00,sensor_temp,20.12
2025-09-01 03:15:00,sensor_lux,0.0
2025-09-01 03:15:00,sensor_ocupacao,0.0
2025-09-01 03:30:00,sensor_temp,19.77
2025-09-01 03:30:00,sensor_lux,0.0
2025-09-01 03:30:00,sensor_ocupacao,0.0
2025-09-01 03:45:00,sensor_temp,20.22
2025-09-01 03:45:00,sensor_lux,0.0
2025-09-01 03:45:00,sensor_ocupacao,0.0
2025-09-01 04:00:00,sensor_temp,18.45
2025-09-01 04:00:00,sensor_lux,0.0
2025-09-01 04:00:00,sensor_ocupacao,0.0
2025-09-01 04:15:00,sensor_temp,19.33
2025-09-01 04:15:00,sensor_lux,0.0
2025-09-01 04:15:00,sensor_ocupacao,0.0
2025-09-01 04:30:00,sensor_temp,20.0
2025-09-01 04:30:00,sensor_lux,0.0
2025-09-01 04:30:00,sensor_ocupacao,0.0
2025-09-01 04:45:00,sensor_temp,18.97
2025-09-01 04:45:00,sensor_lux,0.0
2025-09-01 04:45:00,sensor_ocupacao,1.0
2025-09-01 05:00:00,sensor_temp,20.73
2025-09-01 05:00:00,sensor_lux,0.0
2025-09-01 05:00:00,sensor_ocupacao,0.0
2025-09-01 05:15:00,sensor_temp,20.55
2025-09-01 05:15:00,sensor_lux,0.0
2025-09-01 05:15:00,sensor_ocupacao,1.0
2025-09-01 05:30:00,sensor_temp,20.45
2025-09-01 05:30:00,sensor_lux,0.0
2025-09-01 05:30:00,sensor_ocupacao,0.0
2025-09-01 05:45:00,sensor_temp,20.33
2025-09-01 05:45:00,sensor_lux,0.0
2025-09-01 05:45:00,sensor_ocupacao,0.0
2025-09-01 06:00:00,sensor_temp,23.58
2025-09-01 06:00:00,sensor_lux,291.07
2025-09-01 06:00:00,sensor_ocupacao,0.0
2025-09-01 06:15:00,sensor_temp,23.09
2025-09-01 06:15:00,sensor_lux,254.35
2025-09-01 06:15:00,sensor_ocupacao,0.0
2025-09-01 06:30:00,sensor_temp,24.4
2025-09-01 06:30:00,sensor_lux,317.27
2025-09-01 06:30:00,sensor_ocupacao,0.0
2025-09-01 06:45:00,sensor_temp,19.73
2025-09-01 06:45:00,sensor_lux,202.24
2025-09-01 06:45:00,sensor_ocupacao,0.0
2025-09-01 07:00:00,sensor_temp,23.16
2025-09-01 07:00:00,sensor_lux,365.01
2025-09-01 07:00:00,sensor_ocupacao,0.0
2025-09-01 07:15:00,sensor_temp,22.47
2025-09-01 07:15:00,sensor_lux,238.48
2025-09-01 07:15:00,sensor_ocupacao,1.0
2025-09-01 07:30:00,sensor_temp,23.55
2025-09-01 07:30:00,sensor_lux,370.18
2025-09-01 07:30:00,sensor_ocupacao,0.0
2025-09-01 07:45:00,sensor_temp,24.06
2025-09-01 07:45:00,sensor_lux,230.16
2025-09-01 07:45:00,sensor_ocupacao,0.0
2025-09-01 08:00:00,sensor_temp,23.06
2025-09-01 08:00:00,sensor_lux,232.12
2025-09-01 08:00:00,sensor_ocupacao,1.0
2025-09-01 08:15:00,sensor_temp,23.97
2025-09-01 08:15:00,sensor_lux,253.3
2025-09-01 08:15:00,sensor_ocupacao,1.0
2025-09-01 08:30:00,sensor_temp,24.04
2025-09-01 08:30:00,sensor_lux,208.11
2025-09-01 08:30:00,sensor_ocupacao,1.0
2025-09-01 08:45:00,sensor_temp,22.32
2025-09-01 08:45:00,sensor_lux,356.72
2025-09-01 08:45:00,sensor_ocupacao,1.0
2025-09-01 09:00:00,sensor_temp,21.6
2025-09-01 09:00:00,sensor_lux,302.08
2025-09-01 09:00:00,sensor_ocupacao,1.0
2025-09-01 09:15:00,sensor_temp,23.2
2025-09-01 09:15:00,sensor_lux,306.0
2025-09-01 09:15:00,sensor_ocupacao,1.0
2025-09-01 09:30:00,sensor_temp,22.35
2025-09-01 09:30:00,sensor_lux,320.4
2025-09-01 09:30:00,sensor_ocupacao,1.0
2025-09-01 09:45:00,sensor_temp,18.81
2025-09-01 09:45:00,sensor_lux,272.86
2025-09-01 09:45:00,sensor_ocupacao,1.0
2025-09-01 10:00:00,sensor_temp,22.3
2025-09-01 10:00:00,sensor_lux,214.94
2025-09-01 10:00:00,sensor_ocupacao,1.0
2025-09-01 10:15:00,sensor_temp,21.21
2025-09-01 10:15:00,sensor_lux,334.79
2025-09-01 10:15:00,sensor_ocupacao,1.0
2025-09-01 10:30:00,sensor_temp,22.16
2025-09-01 10:30:00,sensor_lux,303.4
2025-09-01 10:30:00,sensor_ocupacao,0.0
2025-09-01 10:45:00,sensor_temp,22.85
2025-09-01 10:45:00,sensor_lux,383.86
2025-09-01 10:45:00,sensor_ocupacao,1.0
2025-09-01 11:00:00,sensor_temp,25.94
2025-09-01 11:00:00,sensor_lux,285.41
2025-09-01 11:00:00,sensor_ocupacao,1.0
2025-09-01 11:15:00,sensor_temp,22.68
2025-09-01 11:15:00,sensor_lux,277.12
2025-09-01 11:15:00,sensor_ocupacao,1.0
2025-09-01 11:30:00,sensor_temp,22.22
2025-09-01 11:30:00,sensor_lux,378.71
2025-09-01 11:30:00,sensor_ocupacao,0.0
2025-09-01 11:45:00,sensor_temp,23.55
2025-09-01 11:45:00,sensor_lux,332.57
2025-09-01 11:45:00,sensor_ocupacao,1.0
2025-09-01 12:00:00,sensor_temp,22.95
2025-09-01 12:00:00,sensor_lux,281.81
2025-09-01 12:00:00,sensor_ocupacao,0.0
2025-09-01 12:15:00,sensor_temp,25.57
2025-09-01 12:15:00,sensor_lux,354.37
2025-09-01 12:15:00,sensor_ocupacao,1.0
2025-09-01 12:30:00,sensor_temp,24.55
2025-09-01 12:30:00,sensor_lux,257.63
2025-09-01 12:30:00,sensor_ocupacao,1.0
2025-09-01 12:45:00,sensor_temp,24.7
2025-09-01 12:45:00,sensor_lux,219.98
2025-09-01 12:45:00,sensor_ocupacao,0.0
2025-09-01 13:00:00,sensor_temp,23.03
2025-09-01 13:00:00,sensor_lux,240.96
2025-09-01 13:00:00,sensor_ocupacao,0.0
2025-09-01 13:15:00,sensor_temp,23.14
2025-09-01 13:15:00,sensor_lux,317.39
2025-09-01 13:15:00,sensor_ocupacao,1.0
2025-09-01 13:30:00,sensor_temp,22.39
2025-09-01 13:30:00,sensor_lux,288.6
2025-09-01 13:30:00,sensor_ocupacao,1.0
2025-09-01 13:45:00,sensor_temp,22.11
2025-09-01 13:45:00,sensor_lux,222.07
2025-09-01 13:45:00,sensor_ocupacao,1.0
2025-09-01 14:00:00,sensor_temp,23.95
2025-09-01 14:00:00,sensor_lux,292.92
2025-09-01 14:00:00,sensor_ocupacao,1.0
2025-09-01 14:15:00,sensor_temp,23.28
2025-09-01 14:15:00,sensor_lux,278.93
2025-09-01 14:15:00,sensor_ocupacao,1.0
2025-09-01 14:30:00,sensor_temp,23.8
2025-09-01 14:30:00,sensor_lux,371.02
2025-09-01 14:30:00,sensor_ocupacao,1.0
2025-09-01 14:45:00,sensor_temp,23.38
2025-09-01 14:45:00,sensor_lux,323.87
2025-09-01 14:45:00,sensor_ocupacao,1.0
2025-09-01 15:00:00,sensor_temp,23.53
2025-09-01 15:00:00,sensor_lux,289.37
2025-09-01 15:00:00,sensor_ocupacao,1.0
2025-09-01 15:15:00,sensor_temp,23.14
2025-09-01 15:15:00,sensor_lux,218.48
2025-09-01 15:15:00,sensor_ocupacao,1.0
2025-09-01 15:30:00,sensor_temp,22.94
2025-09-01 15:30:00,sensor_lux,246.64
2025-09-01 15:30:00,sensor_ocupacao,1.0
2025-09-01 15:45:00,sensor_temp,24.03
2025-09-01 15:45:00,sensor_lux,340.67
2025-09-01 15:45:00,sensor_ocupacao,1.0
2025-09-01 16:00:00,sensor_temp,20.81
2025-09-01 16:00:00,sensor_lux,231.41
2025-09-01 16:00:00,sensor_ocupacao,1.0
2025-09-01 16:15:00,sensor_temp,25.66
2025-09-01 16:15:00,sensor_lux,301.12
2025-09-01 16:15:00,sensor_ocupacao,1.0
2025-09-01 16:30:00,sensor_temp,20.09
2025-09-01 16:30:00,sensor_lux,323.06
2025-09-01 16:30:00,sensor_ocupacao,1.0
2025-09-01 16:45:00,sensor_temp,21.37
2025-09-01 16:45:00,sensor_lux,261.57
2025-09-01 16:45:00,sensor_ocupacao,1.0
2025-09-01 17:00:00,sensor_temp,23.6
2025-09-01 17:00:00,sensor_lux,271.97
2025-09-01 17:00:00,sensor_ocupacao,1.0
2025-09-01 17:15:00,sensor_temp,20.97
2025-09-01 17:15:00,sensor_lux,238.37
2025-09-01 17:15:00,sensor_ocupacao,0.0
2025-09-01 17:30:00,sensor_temp,23.3
2025-09-01 17:30:00,sensor_lux,288.24
2025-09-01 17:30:00,sensor_ocupacao,0.0
2025-09-01 17:45:00,sensor_temp,22.39
2025-09-01 17:45:00,sensor_lux,275.84
2025-09-01 17:45:00,sensor_ocupacao,1.0
2025-09-01 18:00:00,sensor_temp,21.67
2025-09-01 18:00:00,sensor_lux,343.14
2025-09-01 18:00:00,sensor_ocupacao,1.0
2025-09-01 18:15:00,sensor_temp,23.28
2025-09-01 18:15:00,sensor_lux,202.54
2025-09-01 18:15:00,sensor_ocupacao,1.0
2025-09-01 18:30:00,sensor_temp,23.53
2025-09-01 18:30:00,sensor_lux,286.37
2025-09-01 18:30:00,sensor_ocupacao,1.0
2025-09-01 18:45:00,sensor_temp,23.8
2025-09-01 18:45:00,sensor_lux,315.52
2025-09-01 18:45:00,sensor_ocupacao,0.0
2025-09-01 19:00:00,sensor_temp,19.23
2025-09-01 19:00:00,sensor_lux,0.0
2025-09-01 19:00:00,sensor_ocupacao,1.0
2025-09-01 19:15:00,sensor_temp,19.6
2025-09-01 19:15:00,sensor_lux,0.0
2025-09-01 19:15:00,sensor_ocupacao,0.0
2025-09-01 19:30:00,sensor_temp,21.12
2025-09-01 19:30:00,sensor_lux,0.0
2025-09-01 19:30:00,sensor_ocupacao,0.0
2025-09-01 19:45:00,sensor_temp,19.51
2025-09-01 19:45:00,sensor_lux,0.0
2025-09-01 19:45:00,sensor_ocupacao,1.0
2025-09-01 20:00:00,sensor_temp,20.09
2025-09-01 20:00:00,sensor_lux,0.0
2025-09-01 20:00:00,sensor_ocupacao,0.0
2025-09-01 20:15:00,sensor_temp,20.94
2025-09-01 20:15:00,sensor_lux,0.0
2025-09-01 20:15:00,sensor_ocupacao,1.0
2025-09-01 20:30:00,sensor_temp,21.13
2025-09-01 20:30:00,sensor_lux,0.0
2025-09-01 20:30:00,sensor_ocupacao,0.0
2025-09-01 20:45:00,sensor_temp,19.34
2025-09-01 20:45:00,sensor_lux,0.0
2025-09-01 20:45:00,sensor_ocupacao,0.0
2025-09-01 21:00:00,sensor_temp,19.27
2025-09-01 21:00:00,sensor_lux,0.0
2025-09-01 21:00:00,sensor_ocupacao,0.0
2025-09-01 21:15:00,sensor_temp,20.37
2025-09-01 21:15:00,sensor_lux,0.0
2025-09-01 21:15:00,sensor_ocupacao,0.0
2025-09-01 21:30:00,sensor_temp,20.82
2025-09-01 21:30:00,sensor_lux,0.0
2025-09-01 21:30:00,sensor_ocupacao,0.0
2025-09-01 21:45:00,sensor_temp,20.81
2025-09-01 21:45:00,sensor_lux,0.0
2025-09-01 21:45:00,sensor_ocupacao,0.0
2025-09-01 22:00:00,sensor_temp,19.33
2025-09-01 22:00:00,sensor_lux,0.0
2025-09-01 22:00:00,sensor_ocupacao,0.0
2025-09-01 22:15:00,sensor_temp,20.81
2025-09-01 22:15:00,sensor_lux,0.0
2025-09-01 22:15:00,sensor_ocupacao,0.0
2025-09-01 22:30:00,sensor_temp,20.05
2025-09-01 22:30:00,sensor_lux,0.0
2025-09-01 22:30:00,sensor_ocupacao,1.0
2025-09-01 22:45:00,sensor_temp,20.99
2025-09-01 22:45:00,sensor_lux,0.0
2025-09-01 22:45:00,sensor_ocupacao,0.0
2025-09-01 23:00:00,sensor_temp,19.87
2025-09-01 23:00:00,sensor_lux,0.0
2025-09-01 23:00:00,sensor_ocupacao,0.0
2025-09-01 23:15:00,sensor_temp,19.77
2025-09-01 23:15:00,sensor_lux,0.0
2025-09-01 23:15:00,sensor_ocupacao,0.0
2025-09-01 23:30:00,sensor_temp,19.36
2025-09-01 23:30:00,sensor_lux,0.0
2025-09-01 23:30:00,sensor_ocupacao,0.0
2025-09-01 23:45:00,sensor_temp,19.45
2025-09-01 23:45:00,sensor_lux,0.0
2025-09-01 23:45:00,sensor_ocupacao,1.0
2025-09-02 00:00:00,sensor_temp,20.9
2025-09-02 00:00:00,sensor_lux,0.0
2025-09-02 00:00:00,sensor_ocupacao,0.0
2025-09-02 00:15:00,sensor_temp,20.48
2025-09-02 00:15:00,sensor_lux,0.0
2025-09-02 00:15:00,sensor_ocupacao,1.0
2025-09-02 00:30:00,sensor_temp,19.54
2025-09-02 00:30:00,sensor_lux,0.0
2025-09-02 00:30:00,sensor_ocupacao,0.0
2025-09-02 00:45:00,sensor_temp,20.83
2025-09-02 00:45:00,sensor_lux,0.0
2025-09-02 00:45:00,sensor_ocupacao,0.0
2025-09-02 01:00:00,sensor_temp,19.5
2025-09-02 01:00:00,sensor_lux,0.0
2025-09-02 01:00:00,sensor_ocupacao,0.0
2025-09-02 01:15:00,sensor_temp,19.39
2025-09-02 01:15:00,sensor_lux,0.0
2025-09-02 01:15:00,sensor_ocupacao,0.0
2025-09-02 01:30:00,sensor_temp,20.53
2025-09-02 01:30:00,sensor_lux,0.0
2025-09-02 01:30:00,sensor_ocupacao,0.0
2025-09-02 01:45:00,sensor_temp,19.85
2025-09-02 01:45:00,sensor_lux,0.0
2025-09-02 01:45:00,sensor_ocupacao,0.0
2025-09-02 02:00:00,sensor_temp,21.44
2025-09-02 02:00:00,sensor_lux,0.0
2025-09-02 02:00:00,sensor_ocupacao,0.0
2025-09-02 02:15:00,sensor_temp,19.83
2025-09-02 02:15:00,sensor_lux,0.0
2025-09-02 02:15:00,sensor_ocupacao,0.0
2025-09-02 02:30:00,sensor_temp,20.57
2025-09-02 02:30:00,sensor_lux,0.0
2025-09-02 02:30:00,sensor_ocupacao,0.0
2025-09-02 02:45:00,sensor_temp,18.5
2025-09-02 02:45:00,sensor_lux,0.0
2025-09-02 02:45:00,sensor_ocupacao,0.0
2025-09-02 03:00:00,sensor_temp,19.43
2025-09-02 03:00:00,sensor_lux,0.0
2025-09-02 03:00:00,sensor_ocupacao,0.0
2025-09-02 03:15:00,sensor_temp,20.45
2025-09-02 03:15:00,sensor_lux,0.0
2025-09-02 03:15:00,sensor_ocupacao,0.0
2025-09-02 03:30:00,sensor_temp,21.19
2025-09-02 03:30:00,sensor_lux,0.0
2025-09-02 03:30:00,sensor_ocupacao,1.0
2025-09-02 03:45:00,sensor_temp,21.76
2025-09-02 03:45:00,sensor_lux,0.0
2025-09-02 03:45:00,sensor_ocupacao,1.0
2025-09-02 04:00:00,sensor_temp,21.81
2025-09-02 04:00:00,sensor_lux,0.0
2025-09-02 04:00:00,sensor_ocupacao,0.0
2025-09-02 04:15:00,sensor_temp,19.93
2025-09-02 04:15:00,sensor_lux,0.0
2025-09-02 04:15:00,sensor_ocupacao,0.0
2025-09-02 04:30:00,sensor_temp,18.12
2025-09-02 04:30:00,sensor_lux,0.0
2025-09-02 04:30:00,sensor_ocupacao,0.0
2025-09-02 04:45:00,sensor_temp,18.27
2025-09-02 04:45:00,sensor_lux,0.0
2025-09-02 04:45:00,sensor_ocupacao,0.0
2025-09-02 05:00:00,sensor_temp,21.17
2025-09-02 05:00:00,sensor_lux,0.0
2025-09-02 05:00:00,sensor_ocupacao,0.0
2025-09-02 05:15:00,sensor_temp,20.44
2025-09-02 05:15:00,sensor_lux,0.0
2025-09-02 05:15:00,sensor_ocupacao,0.0
2025-09-02 05:30:00,sensor_temp,20.87
2025-09-02 05:30:00,sensor_lux,0.0
2025-09-02 05:30:00,sensor_ocupacao,0.0
2025-09-02 05:45:00,sensor_temp,19.38
2025-09-02 05:45:00,sensor_lux,0.0
2025-09-02 05:45:00,sensor_ocupacao,0.0
2025-09-02 06:00:00,sensor_temp,24.58
2025-09-02 06:00:00,sensor_lux,306.94
2025-09-02 06:00:00,sensor_ocupacao,1.0
2025-09-02 06:15:00,sensor_temp,21.33
2025-09-02 06:15:00,sensor_lux,269.75
2025-09-02 06:15:00,sensor_ocupacao,0.0
2025-09-02 06:30:00,sensor_temp,22.54
2025-09-02 06:30:00,sensor_lux,410.03
2025-09-02 06:30:00,sensor_ocupacao,1.0
2025-09-02 06:45:00,sensor_temp,25.4
2025-09-02 06:45:00,sensor_lux,270.17
2025-09-02 06:45:00,sensor_ocupacao,0.0
2025-09-02 07:00:00,sensor_temp,24.86
2025-09-02 07:00:00,sensor_lux,265.96
2025-09-02 07:00:00,sensor_ocupacao,0.0
2025-09-02 07:15:00,sensor_temp,24.62
2025-09-02 07:15:00,sensor_lux,281.47
2025-09-02 07:15:00,sensor_ocupacao,0.0
2025-09-02 07:30:00,sensor_temp,24.14
2025-09-02 07:30:00,sensor_lux,267.02
2025-09-02 07:30:00,sensor_ocupacao,0.0
2025-09-02 07:45:00,sensor_temp,23.41
2025-09-02 07:45:00,sensor_lux,230.87
2025-09-02 07:45:00,sensor_ocupacao,0.0
2025-09-02 08:00:00,sensor_temp,22.37
2025-09-02 08:00:00,sensor_lux,355.71
2025-09-02 08:00:00,sensor_ocupacao,0.0
2025-09-02 08:15:00,sensor_temp,22.41
2025-09-02 08:15:00,sensor_lux,296.9
2025-09-02 08:15:00,sensor_ocupacao,1.0
2025-09-02 08:30:00,sensor_temp,24.35
2025-09-02 08:30:00,sensor_lux,327.51
2025-09-02 08:30:00,sensor_ocupacao,1.0
2025-09-02 08:45:00,sensor_temp,25.38
2025-09-02 08:45:00,sensor_lux,246.8
2025-09-02 08:45:00,sensor_ocupacao,0.0
2025-09-02 09:00:00,sensor_temp,24.19
2025-09-02 09:00:00,sensor_lux,351.69
2025-09-02 09:00:00,sensor_ocupacao,0.0
2025-09-02 09:15:00,sensor_temp,25.49
2025-09-02 09:15:00,sensor_lux,333.22
2025-09-02 09:15:00,sensor_ocupacao,1.0
2025-09-02 09:30:00,sensor_temp,24.67
2025-09-02 09:30:00,sensor_lux,256.04
2025-09-02 09:30:00,sensor_ocupacao,1.0
2025-09-02 09:45:00,sensor_temp,23.67
2025-09-02 09:45:00,sensor_lux,325.66
2025-09-02 09:45:00,sensor_ocupacao,1.0
2025-09-02 10:00:00,sensor_temp,22.4
2025-09-02 10:00:00,sensor_lux,305.07
2025-09-02 10:00:00,sensor_ocupacao,0.0
2025-09-02 10:15:00,sensor_temp,22.69
2025-09-02 10:15:00,sensor_lux,253.95
2025-09-02 10:15:00,sensor_ocupacao,0.0
2025-09-02 10:30:00,sensor_temp,22.38
2025-09-02 10:30:00,sensor_lux,280.99
2025-09-02 10:30:00,sensor_ocupacao,0.0
2025-09-02 10:45:00,sensor_temp,22.52
2025-09-02 10:45:00,sensor_lux,313.98
2025-09-02 10:45:00,sensor_ocupacao,1.0
2025-09-02 11:00:00,sensor_temp,22.82
2025-09-02 11:00:00,sensor_lux,272.45
2025-09-02 11:00:00,sensor_ocupacao,1.0
2025-09-02 11:15:00,sensor_temp,24.35
2025-09-02 11:15:00,sensor_lux,329.61
2025-09-02 11:15:00,sensor_ocupacao,1.0
2025-09-02 11:30:00,sensor_temp,22.28
2025-09-02 11:30:00,sensor_lux,286.93
2025-09-02 11:30:00,sensor_ocupacao,1.0
2025-09-02 11:45:00,sensor_temp,24.57
2025-09-02 11:45:00,sensor_lux,323.91
2025-09-02 11:45:00,sensor_ocupacao,1.0
2025-09-02 12:00:00,sensor_temp,23.08
2025-09-02 12:00:00,sensor_lux,352.96
2025-09-02 12:00:00,sensor_ocupacao,1.0
2025-09-02 12:15:00,sensor_temp,21.57
2025-09-02 12:15:00,sensor_lux,262.99
2025-09-02 12:15:00,sensor_ocupacao,1.0
2025-09-02 12:30:00,sensor_temp,24.16
2025-09-02 12:30:00,sensor_lux,389.66
2025-09-02 12:30:00,sensor_ocupacao,1.0
2025-09-02 12:45:00,sensor_temp,25.03
2025-09-02 12:45:00,sensor_lux,284.8
2025-09-02 12:45:00,sensor_ocupacao,1.0
2025-09-02 13:00:00,sensor_temp,25.91
2025-09-02 13:00:00,sensor_lux,307.17
2025-09-02 13:00:00,sensor_ocupacao,1.0
2025-09-02 13:15:00,sensor_temp,23.92
2025-09-02 13:15:00,sensor_lux,247.02
2025-09-02 13:15:00,sensor_ocupacao,0.0
2025-09-02 13:30:00,sensor_temp,25.63
2025-09-02 13:30:00,sensor_lux,346.67
2025-09-02 13:30:00,sensor_ocupacao,1.0
2025-09-02 13:45:00,sensor_temp,21.84
2025-09-02 13:45:00,sensor_lux,367.46
2025-09-02 13:45:00,sensor_ocupacao,1.0
2025-09-02 14:00:00,sensor_temp,25.64
2025-09-02 14:00:00,sensor_lux,292.15
2025-09-02 14:00:00,sensor_ocupacao,0.0
2025-09-02 14:15:00,sensor_temp,22.74
2025-09-02 14:15:00,sensor_lux,163.47
2025-09-02 14:15:00,sensor_ocupacao,1.0
2025-09-02 14:30:00,sensor_temp,23.94
2025-09-02 14:30:00,sensor_lux,220.85
2025-09-02 14:30:00,sensor_ocupacao,0.0
2025-09-02 14:45:00,sensor_temp,26.28
2025-09-02 14:45:00,sensor_lux,308.45
2025-09-02 14:45:00,sensor_ocupacao,1.0
2025-09-02 15:00:00,sensor_temp,24.2
2025-09-02 15:00:00,sensor_lux,279.85
2025-09-02 15:00:00,sensor_ocupacao,0.0
2025-09-02 15:15:00,sensor_temp,18.08
2025-09-02 15:15:00,sensor_lux,257.38
2025-09-02 15:15:00,sensor_ocupacao,1.0
2025-09-02 15:30:00,sensor_temp,21.8
2025-09-02 15:30:00,sensor_lux,236.22
2025-09-02 15:30:00,sensor_ocupacao,0.0
2025-09-02 15:45:00,sensor_temp,22.23
2025-09-02 15:45:00,sensor_lux,259.39
2025-09-02 15:45:00,sensor_ocupacao,1.0
2025-09-02 16:00:00,sensor_temp,25.28
2025-09-02 16:00:00,sensor_lux,361.47
2025-09-02 16:00:00,sensor_ocupacao,0.0
2025-09-02 16:15:00,sensor_temp,22.39
2025-09-02 16:15:00,sensor_lux,202.0
2025-09-02 16:15:00,sensor_ocupacao,0.0
2025-09-02 16:30:00,sensor_temp,21.91
2025-09-02 16:30:00,sensor_lux,213.63
2025-09-02 16:30:00,sensor_ocupacao,1.0
2025-09-02 16:45:00,sensor_temp,21.63
2025-09-02 16:45:00,sensor_lux,316.11
2025-09-02 16:45:00,sensor_ocupacao,1.0
2025-09-02 17:00:00,sensor_temp,21.75
2025-09-02 17:00:00,sensor_lux,265.37
2025-09-02 17:00:00,sensor_ocupacao,1.0
2025-09-02 17:15:00,sensor_temp,23.64
2025-09-02 17:15:00,sensor_lux,330.29
2025-09-02 17:15:00,sensor_ocupacao,1.0
2025-09-02 17:30:00,sensor_temp,21.48
2025-09-02 17:30:00,sensor_lux,345.08
2025-09-02 17:30:00,sensor_ocupacao,1.0
2025-09-02 17:45:00,sensor_temp,24.33
2025-09-02 17:45:00,sensor_lux,344.55
2025-09-02 17:45:00,sensor_ocupacao,1.0
2025-09-02 18:00:00,sensor_temp,21.87
2025-09-02 18:00:00,sensor_lux,266.93
2025-09-02 18:00:00,sensor_ocupacao,0.0
2025-09-02 18:15:00,sensor_temp,21.95
2025-09-02 18:15:00,sensor_lux,350.13
2025-09-02 18:15:00,sensor_ocupacao,1.0
2025-09-02 18:30:00,sensor_temp,23.85
2025-09-02 18:30:00,sensor_lux,338.44
2025-09-02 18:30:00,sensor_ocupacao,0.0
2025-09-02 18:45:00,sensor_temp,22.18
2025-09-02 18:45:00,sensor_lux,280.83
2025-09-02 18:45:00,sensor_ocupacao,1.0
2025-09-02 19:00:00,sensor_temp,21.59
2025-09-02 19:00:00,sensor_lux,0.0
2025-09-02 19:00:00,sensor_ocupacao,0.0
2025-09-02 19:15:00,sensor_temp,20.14
2025-09-02 19:15:00,sensor_lux,0.0
2025-09-02 19:15:00,sensor_ocupacao,0.0
2025-09-02 19:30:00,sensor_temp,20.41
2025-09-02 19:30:00,sensor_lux,0.0
2025-09-02 19:30:00,sensor_ocupacao,0.0
2025-09-02 19:45:00,sensor_temp,20.76
2025-09-02 19:45:00,sensor_lux,0.0
2025-09-02 19:45:00,sensor_ocupacao,0.0
2025-09-02 20:00:00,sensor_temp,19.88
2025-09-02 20:00:00,sensor_lux,0.0
2025-09-02 20:00:00,sensor_ocupacao,1.0
2025-09-02 20:15:00,sensor_temp,20.63
2025-09-02 20:15:00,sensor_lux,0.0
2025-09-02 20:15:00,sensor_ocupacao,1.0
2025-09-02 20:30:00,sensor_temp,21.32
2025-09-02 20:30:00,sensor_lux,0.0
2025-09-02 20:30:00,sensor_ocupacao,0.0
2025-09-02 20:45:00,sensor_temp,20.29
2025-09-02 20:45:00,sensor_lux,0.0
2025-09-02 20:45:00,sensor_ocupacao,0.0
2025-09-02 21:00:00,sensor_temp,20.79
2025-09-02 21:00:00,sensor_lux,0.0
2025-09-02 21:00:00,sensor_ocupacao,0.0
2025-09-02 21:15:00,sensor_temp,19.12
2025-09-02 21:15:00,sensor_lux,0.0
2025-09-02 21:15:00,sensor_ocupacao,1.0
2025-09-02 21:30:00,sensor_temp,18.53
2025-09-02 21:30:00,sensor_lux,0.0
2025-09-02 21:30:00,sensor_ocupacao,0.0
2025-09-02 21:45:00,sensor_temp,19.24
2025-09-02 21:45:00,sensor_lux,0.0
2025-09-02 21:45:00,sensor_ocupacao,0.0
2025-09-02 22:00:00,sensor_temp,19.69
2025-09-02 22:00:00,sensor_lux,0.0
2025-09-02 22:00:00,sensor_ocupacao,0.0
2025-09-02 22:15:00,sensor_temp,18.52
2025-09-02 22:15:00,sensor_lux,0.0
2025-09-02 22:15:00,sensor_ocupacao,0.0
2025-09-02 22:30:00,sensor_temp,20.49
2025-09-02 22:30:00,sensor_lux,0.0
2025-09-02 22:30:00,sensor_ocupacao,0.0
2025-09-02 22:45:00,sensor_temp,20.96
2025-09-02 22:45:00,sensor_lux,0.0
2025-09-02 22:45:00,sensor_ocupacao,0.0
2025-09-02 23:00:00,sensor_temp,20.16
2025-09-02 23:00:00,sensor_lux,0.0
2025-09-02 23:00:00,sensor_ocupacao,0.0
2025-09-02 23:15:00,sensor_temp,20.05
2025-09-02 23:15:00,sensor_lux,0.0
2025-09-02 23:15:00,sensor_ocupacao,0.0
2025-09-02 23:30:00,sensor_temp,20.48
2025-09-02 23:30:00,sensor_lux,0.0
2025-09-02 23:30:00,sensor_ocupacao,0.0
2025-09-02 23:45:00,sensor_temp,18.17
2025-09-02 23:45:00,sensor_lux,0.0
2025-09-02 23:45:00,sensor_ocupacao,0.0
2025-09-03 00:00:00,sensor_temp,19.82
2025-09-03 00:00:00,sensor_lux,0.0
2025-09-03 00:00:00,sensor_ocupacao,0.0
2025-09-03 00:15:00,sensor_temp,21.43
2025-09-03 00:15:00,sensor_lux,0.0
2025-09-03 00:15:00,sensor_ocupacao,0.0
2025-09-03 00:30:00,sensor_temp,19.78
2025-09-03 00:30:00,sensor_lux,0.0
2025-09-03 00:30:00,sensor_ocupacao,0.0
2025-09-03 00:45:00,sensor_temp,20.9
2025-09-03 00:45:00,sensor_lux,0.0
2025-09-03 00:45:00,sensor_ocupacao,0.0
2025-09-03 01:00:00,sensor_temp,20.06
2025-09-03 01:00:00,sensor_lux,0.0
2025-09-03 01:00:00,sensor_ocupacao,0.0
2025-09-03 01:15:00,sensor_temp,20.24
2025-09-03 01:15:00,sensor_lux,0.0
2025-09-03 01:15:00,sensor_ocupacao,0.0
2025-09-03 01:30:00,sensor_temp,19.06
2025-09-03 01:30:00,sensor_lux,0.0
2025-09-03 01:30:00,sensor_ocupacao,0.0
2025-09-03 01:45:00,sensor_temp,19.44
2025-09-03 01:45:00,sensor_lux,0.0
2025-09-03 01:45:00,sensor_ocupacao,0.0
2025-09-03 02:00:00,sensor_temp,20.38
2025-09-03 02:00:00,sensor_lux,0.0
2025-09-03 02:00:00,sensor_ocupacao,0.0
2025-09-03 02:15:00,sensor_temp,19.21
2025-09-03 02:15:00,sensor_lux,0.0
2025-09-03 02:15:00,sensor_ocupacao,0.0
2025-09-03 02:30:00,sensor_temp,19.98
2025-09-03 02:30:00,sensor_lux,0.0
2025-09-03 02:30:00,sensor_ocupacao,1.0
2025-09-03 02:45:00,sensor_temp,21.0
2025-09-03 02:45:00,sensor_lux,0.0
2025-09-03 02:45:00,sensor_ocupacao,0.0
2025-09-03 03:00:00,sensor_temp,20.4
2025-09-03 03:00:00,sensor_lux,0.0
2025-09-03 03:00:00,sensor_ocupacao,0.0
2025-09-03 03:15:00,sensor_temp,19.64
2025-09-03 03:15:00,sensor_lux,0.0
2025-09-03 03:15:00,sensor_ocupacao,1.0
2025-09-03 03:30:00,sensor_temp,21.32
2025-09-03 03:30:00,sensor_lux,0.0
2025-09-03 03:30:00,sensor_ocupacao,1.0
2025-09-03 03:45:00,sensor_temp,20.83
2025-09-03 03:45:00,sensor_lux,0.0
2025-09-03 03:45:00,sensor_ocupacao,0.0
2025-09-03 04:00:00,sensor_temp,20.66
2025-09-03 04:00:00,sensor_lux,0.0
2025-09-03 04:00:00,sensor_ocupacao,0.0
2025-09-03 04:15:00,sensor_temp,20.66
2025-09-03 04:15:00,sensor_lux,0.0
2025-09-03 04:15:00,sensor_ocupacao,0.0
2025-09-03 04:30:00,sensor_temp,20.95
2025-09-03 04:30:00,sensor_lux,0.0
2025-09-03 04:30:00,sensor_ocupacao,0.0
2025-09-03 04:45:00,sensor_temp,20.87
2025-09-03 04:45:00,sensor_lux,0.0
2025-09-03 04:45:00,sensor_ocupacao,0.0
2025-09-03 05:00:00,sensor_temp,20.04
2025-09-03 05:00:00,sensor_lux,0.0
2025-09-03 05:00:00,sensor_ocupacao,0.0
2025-09-03 05:15:00,sensor_temp,19.91
2025-09-03 05:15:00,sensor_lux,0.0
2025-09-03 05:15:00,sensor_ocupacao,0.0
2025-09-03 05:30:00,sensor_temp,19.75
2025-09-03 05:30:00,sensor_lux,0.0
2025-09-03 05:30:00,sensor_ocupacao,0.0
2025-09-03 05:45:00,sensor_temp,20.06
2025-09-03 05:45:00,sensor_lux,0.0
2025-09-03 05:45:00,sensor_ocupacao,0.0
2025-09-03 06:00:00,sensor_temp,24.83
2025-09-03 06:00:00,sensor_lux,291.22
2025-09-03 06:00:00,sensor_ocupacao,0.0
2025-09-03 06:15:00,sensor_temp,23.5
2025-09-03 06:15:00,sensor_lux,216.96
2025-09-03 06:15:00,sensor_ocupacao,0.0
2025-09-03 06:30:00,sensor_temp,20.72
2025-09-03 06:30:00,sensor_lux,270.04
2025-09-03 06:30:00,sensor_ocupacao,0.0
2025-09-03 06:45:00,sensor_temp,22.66
2025-09-03 06:45:00,sensor_lux,217.38
2025-09-03 06:45:00,sensor_ocupacao,0.0
2025-09-03 07:00:00,sensor_temp,22.35
2025-09-03 07:00:00,sensor_lux,306.56
2025-09-03 07:00:00,sensor_ocupacao,0.0
2025-09-03 07:15:00,sensor_temp,24.55
2025-09-03 07:15:00,sensor_lux,257.66
2025-09-03 07:15:00,sensor_ocupacao,0.0
2025-09-03 07:30:00,sensor_temp,23.82
2025-09-03 07:30:00,sensor_lux,268.5
2025-09-03 07:30:00,sensor_ocupacao,0.0
2025-09-03 07:45:00,sensor_temp,23.93
2025-09-03 07:45:00,sensor_lux,308.37
2025-09-03 07:45:00,sensor_ocupacao,0.0
2025-09-03 08:00:00,sensor_temp,20.68
2025-09-03 08:00:00,sensor_lux,191.18
2025-09-03 08:00:00,sensor_ocupacao,0.0
2025-09-03 08:15:00,sensor_temp,24.47
2025-09-03 08:15:00,sensor_lux,335.56
2025-09-03 08:15:00,sensor_ocupacao,1.0
2025-09-03 08:30:00,sensor_temp,23.69
2025-09-03 08:30:00,sensor_lux,364.39
2025-09-03 08:30:00,sensor_ocupacao,1.0
2025-09-03 08:45:00,sensor_temp,22.77
2025-09-03 08:45:00,sensor_lux,299.22
2025-09-03 08:45:00,sensor_ocupacao,1.0
2025-09-03 09:00:00,sensor_temp,24.95
2025-09-03 09:00:00,sensor_lux,236.43
2025-09-03 09:00:00,sensor_ocupacao,1.0
2025-09-03 09:15:00,sensor_temp,23.66
2025-09-03 09:15:00,sensor_lux,310.55
2025-09-03 09:15:00,sensor_ocupacao,1.0
2025-09-03 09:30:00,sensor_temp,24.04
2025-09-03 09:30:00,sensor_lux,358.27
2025-09-03 09:30:00,sensor_ocupacao,1.0
2025-09-03 09:45:00,sensor_temp,22.6
2025-09-03 09:45:00,sensor_lux,406.42
2025-09-03 09:45:00,sensor_ocupacao,1.0
2025-09-03 10:00:00,sensor_temp,24.29
2025-09-03 10:00:00,sensor_lux,442.34
2025-09-03 10:00:00,sensor_ocupacao,1.0
2025-09-03 10:15:00,sensor_temp,21.81
2025-09-03 10:15:00,sensor_lux,317.99
2025-09-03 10:15:00,sensor_ocupacao,1.0
2025-09-03 10:30:00,sensor_temp,23.02
2025-09-03 10:30:00,sensor_lux,334.51
2025-09-03 10:30:00,sensor_ocupacao,0.0
2025-09-03 10:45:00,sensor_temp,25.1
2025-09-03 10:45:00,sensor_lux,228.3
2025-09-03 10:45:00,sensor_ocupacao,0.0
2025-09-03 11:00:00,sensor_temp,23.73
2025-09-03 11:00:00,sensor_lux,218.47
2025-09-03 11:00:00,sensor_ocupacao,1.0
2025-09-03 11:15:00,sensor_temp,23.8
2025-09-03 11:15:00,sensor_lux,361.35
2025-09-03 11:15:00,sensor_ocupacao,0.0
2025-09-03 11:30:00,sensor_temp,22.2
2025-09-03 11:30:00,sensor_lux,287.46
2025-09-03 11:30:00,sensor_ocupacao,1.0
2025-09-03 11:45:00,sensor_temp,21.71
2025-09-03 11:45:00,sensor_lux,284.11
2025-09-03 11:45:00,sensor_ocupacao,0.0
2025-09-03 12:00:00,sensor_temp,22.41
2025-09-03 12:00:00,sensor_lux,342.17
2025-09-03 12:00:00,sensor_ocupacao,1.0
2025-09-03 12:15:00,sensor_temp,21.8
2025-09-03 12:15:00,sensor_lux,272.86
2025-09-03 12:15:00,sensor_ocupacao,1.0
2025-09-03 12:30:00,sensor_temp,22.8
2025-09-03 12:30:00,sensor_lux,311.55
2025-09-03 12:30:00,sensor_ocupacao,1.0
2025-09-03 12:45:00,sensor_temp,24.56
2025-09-03 12:45:00,sensor_lux,280.44
2025-09-03 12:45:00,sensor_ocupacao,1.0
2025-09-03 13:00:00,sensor_temp,25.61
2025-09-03 13:00:00,sensor_lux,296.08
2025-09-03 13:00:00,sensor_ocupacao,1.0
2025-09-03 13:15:00,sensor_temp,24.49
2025-09-03 13:15:00,sensor_lux,383.83
2025-09-03 13:15:00,sensor_ocupacao,1.0
2025-09-03 13:30:00,sensor_temp,23.01
2025-09-03 13:30:00,sensor_lux,263.91
2025-09-03 13:30:00,sensor_ocupacao,1.0
2025-09-03 13:45:00,sensor_temp,20.45
2025-09-03 13:45:00,sensor_lux,213.16
2025-09-03 13:45:00,sensor_ocupacao,1.0
2025-09-03 14:00:00,sensor_temp,22.68
2025-09-03 14:00:00,sensor_lux,247.03
2025-09-03 14:00:00,sensor_ocupacao,0.0
2025-09-03 14:15:00,sensor_temp,26.29
2025-09-03 14:15:00,sensor_lux,249.21
2025-09-03 14:15:00,sensor_ocupacao,0.0
2025-09-03 14:30:00,sensor_temp,22.47
2025-09-03 14:30:00,sensor_lux,267.86
2025-09-03 14:30:00,sensor_ocupacao,0.0
2025-09-03 14:45:00,sensor_temp,23.33
2025-09-03 14:45:00,sensor_lux,430.47
2025-09-03 14:45:00,sensor_ocupacao,1.0
2025-09-03 15:00:00,sensor_temp,24.26
2025-09-03 15:00:00,sensor_lux,289.56
2025-09-03 15:00:00,sensor_ocupacao,0.0
2025-09-03 15:15:00,sensor_temp,25.23
2025-09-03 15:15:00,sensor_lux,339.65
2025-09-03 15:15:00,sensor_ocupacao,0.0
2025-09-03 15:30:00,sensor_temp,21.47
2025-09-03 15:30:00,sensor_lux,357.8
2025-09-03 15:30:00,sensor_ocupacao,1.0
2025-09-03 15:45:00,sensor_temp,23.05
2025-09-03 15:45:00,sensor_lux,334.92
2025-09-03 15:45:00,sensor_ocupacao,1.0
2025-09-03 16:00:00,sensor_temp,20.76
2025-09-03 16:00:00,sensor_lux,329.13
2025-09-03 16:00:00,sensor_ocupacao,1.0
2025-09-03 16:15:00,sensor_temp,23.18
2025-09-03 16:15:00,sensor_lux,341.88
2025-09-03 16:15:00,sensor_ocupacao,0.0
2025-09-03 16:30:00,sensor_temp,27.39
2025-09-03 16:30:00,sensor_lux,227.07
2025-09-03 16:30:00,sensor_ocupacao,1.0
2025-09-03 16:45:00,sensor_temp,19.24
2025-09-03 16:45:00,sensor_lux,348.68
2025-09-03 16:45:00,sensor_ocupacao,1.0
2025-09-03 17:00:00,sensor_temp,22.75
2025-09-03 17:00:00,sensor_lux,246.54
2025-09-03 17:00:00,sensor_ocupacao,0.0
2025-09-03 17:15:00,sensor_temp,24.26
2025-09-03 17:15:00,sensor_lux,273.19
2025-09-03 17:15:00,sensor_ocupacao,1.0
2025-09-03 17:30:00,sensor_temp,23.64
2025-09-03 17:30:00,sensor_lux,310.87
2025-09-03 17:30:00,sensor_ocupacao,1.0
2025-09-03 17:45:00,sensor_temp,23.88
2025-09-03 17:45:00,sensor_lux,293.43
2025-09-03 17:45:00,sensor_ocupacao,1.0
2025-09-03 18:00:00,sensor_temp,24.21
2025-09-03 18:00:00,sensor_lux,282.07
2025-09-03 18:00:00,sensor_ocupacao,1.0
2025-09-03 18:15:00,sensor_temp,23.18
2025-09-03 18:15:00,sensor_lux,322.86
2025-09-03 18:15:00,sensor_ocupacao,0.0
2025-09-03 18:30:00,sensor_temp,22.22
2025-09-03 18:30:00,sensor_lux,274.29
2025-09-03 18:30:00,sensor_ocupacao,1.0
2025-09-03 18:45:00,sensor_temp,22.9
2025-09-03 18:45:00,sensor_lux,281.18
2025-09-03 18:45:00,sensor_ocupacao,1.0
2025-09-03 19:00:00,sensor_temp,19.64
2025-09-03 19:00:00,sensor_lux,0.0
2025-09-03 19:00:00,sensor_ocupacao,0.0
2025-09-03 19:15:00,sensor_temp,22.04
2025-09-03 19:15:00,sensor_lux,0.0
2025-09-03 19:15:00,sensor_ocupacao,0.0
2025-09-03 19:30:00,sensor_temp,20.03
2025-09-03 19:30:00,sensor_lux,0.0
2025-09-03 19:30:00,sensor_ocupacao,1.0
2025-09-03 19:45:00,sensor_temp,19.6
2025-09-03 19:45:00,sensor_lux,0.0
2025-09-03 19:45:00,sensor_ocupacao,0.0
2025-09-03 20:00:00,sensor_temp,19.55
2025-09-03 20:00:00,sensor_lux,0.0
2025-09-03 20:00:00,sensor_ocupacao,1.0
2025-09-03 20:15:00,sensor_temp,19.84
2025-09-03 20:15:00,sensor_lux,0.0
2025-09-03 20:15:00,sensor_ocupacao,0.0
2025-09-03 20:30:00,sensor_temp,20.88
2025-09-03 20:30:00,sensor_lux,0.0
2025-09-03 20:30:00,sensor_ocupacao,1.0
2025-09-03 20:45:00,sensor_temp,20.72
2025-09-03 20:45:00,sensor_lux,0.0
2025-09-03 20:45:00,sensor_ocupacao,0.0
2025-09-03 21:00:00,sensor_temp,21.43
2025-09-03 21:00:00,sensor_lux,0.0
2025-09-03 21:00:00,sensor_ocupacao,0.0
2025-09-03 21:15:00,sensor_temp,18.84
2025-09-03 21:15:00,sensor_lux,0.0
2025-09-03 21:15:00,sensor_ocupacao,0.0
2025-09-03 21:30:00,sensor_temp,20.63
2025-09-03 21:30:00,sensor_lux,0.0
2025-09-03 21:30:00,sensor_ocupacao,0.0
2025-09-03 21:45:00,sensor_temp,20.81
2025-09-03 21:45:00,sensor_lux,0.0
2025-09-03 21:45:00,sensor_ocupacao,0.0
2025-09-03 22:00:00,sensor_temp,19.28
2025-09-03 22:00:00,sensor_lux,0.0
2025-09-03 22:00:00,sensor_ocupacao,1.0
2025-09-03 22:15:00,sensor_temp,20.88
2025-09-03 22:15:00,sensor_lux,0.0
2025-09-03 22:15:00,sensor_ocupacao,0.0
2025-09-03 22:30:00,sensor_temp,21.84
2025-09-03 22:30:00,sensor_lux,0.0
2025-09-03 22:30:00,sensor_ocupacao,0.0
2025-09-03 22:45:00,sensor_temp,20.75
2025-09-03 22:45:00,sensor_lux,0.0
2025-09-03 22:45:00,sensor_ocupacao,0.0
2025-09-03 23:00:00,sensor_temp,20.08
2025-09-03 23:00:00,sensor_lux,0.0
2025-09-03 23:00:00,sensor_ocupacao,1.0
2025-09-03 23:15:00,sensor_temp,20.4
2025-09-03 23:15:00,sensor_lux,0.0
2025-09-03 23:15:00,sensor_ocupacao,0.0
2025-09-03 23:30:00,sensor_temp,21.0
2025-09-03 23:30:00,sensor_lux,0.0
2025-09-03 23:30:00,sensor_ocupacao,0.0
2025-09-03 23:45:00,sensor_temp,20.31
2025-09-03 23:45:00,sensor_lux,0.0
2025-09-03 23:45:00,sensor_ocupacao,0.0
2025-09-04 00:00:00,sensor_temp,19.43
2025-09-04 00:00:00,sensor_lux,0.0
2025-09-04 00:00:00,sensor_ocupacao,0.0
2025-09-04 00:15:00,sensor_temp,19.82
2025-09-04 00:15:00,sensor_lux,0.0
2025-09-04 00:15:00,sensor_ocupacao,0.0
2025-09-04 00:30:00,sensor_temp,20.37
2025-09-04 00:30:00,sensor_lux,0.0
2025-09-04 00:30:00,sensor_ocupacao,0.0
2025-09-04 00:45:00,sensor_temp,19.63
2025-09-04 00:45:00,sensor_lux,0.0
2025-09-04 00:45:00,sensor_ocupacao,0.0
2025-09-04 01:00:00,sensor_temp,21.08
2025-09-04 01:00:00,sensor_lux,0.0
2025-09-04 01:00:00,sensor_ocupacao,0.0
2025-09-04 01:15:00,sensor_temp,19.2
2025-09-04 01:15:00,sensor_lux,0.0
2025-09-04 01:15:00,sensor_ocupacao,0.0
2025-09-04 01:30:00,sensor_temp,21.43
2025-09-04 01:30:00,sensor_lux,0.0
2025-09-04 01:30:00,sensor_ocupacao,0.0
2025-09-04 01:45:00,sensor_temp,20.85
2025-09-04 01:45:00,sensor_lux,0.0
2025-09-04 01:45:00,sensor_ocupacao,1.0
2025-09-04 02:00:00,sensor_temp,18.18
2025-09-04 02:00:00,sensor_lux,0.0
2025-09-04 02:00:00,sensor_ocupacao,0.0
2025-09-04 02:15:00,sensor_temp,20.55
2025-09-04 02:15:00,sensor_lux,0.0
2025-09-04 02:15:00,sensor_ocupacao,0.0
2025-09-04 02:30:00,sensor_temp,18.96
2025-09-04 02:30:00,sensor_lux,0.0
2025-09-04 02:30:00,sensor_ocupacao,0.0
2025-09-04 02:45:00,sensor_temp,19.96
2025-09-04 02:45:00,sensor_lux,0.0
2025-09-04 02:45:00,sensor_ocupacao,0.0
2025-09-04 03:00:00,sensor_temp,19.45
2025-09-04 03:00:00,sensor_lux,0.0
2025-09-04 03:00:00,sensor_ocupacao,1.0
2025-09-04 03:15:00,sensor_temp,20.47
2025-09-04 03:15:00,sensor_lux,0.0
2025-09-04 03:15:00,sensor_ocupacao,0.0
2025-09-04 03:30:00,sensor_temp,19.47
2025-09-04 03:30:00,sensor_lux,0.0
2025-09-04 03:30:00,sensor_ocupacao,0.0
2025-09-04 03:45:00,sensor_temp,20.38
2025-09-04 03:45:00,sensor_lux,0.0
2025-09-04 03:45:00,sensor_ocupacao,0.0
2025-09-04 04:00:00,sensor_temp,20.27
2025-09-04 04:00:00,sensor_lux,0.0
2025-09-04 04:00:00,sensor_ocupacao,0.0
2025-09-04 04:15:00,sensor_temp,20.75
2025-09-04 04:15:00,sensor_lux,0.0
2025-09-04 04:15:00,sensor_ocupacao,0.0
2025-09-04 04:30:00,sensor_temp,20.08
2025-09-04 04:30:00,sensor_lux,0.0
2025-09-04 04:30:00,sensor_ocupacao,0.0
2025-09-04 04:45:00,sensor_temp,22.27
2025-09-04 04:45:00,sensor_lux,0.0
2025-09-04 04:45:00,sensor_ocupacao,0.0
2025-09-04 05:00:00,sensor_temp,19.69
2025-09-04 05:00:00,sensor_lux,0.0
2025-09-04 05:00:00,sensor_ocupacao,0.0
2025-09-04 05:15:00,sensor_temp,19.18
2025-09-04 05:15:00,sensor_lux,0.0
2025-09-04 05:15:00,sensor_ocupacao,0.0
2025-09-04 05:30:00,sensor_temp,19.13
2025-09-04 05:30:00,sensor_lux,0.0
2025-09-04 05:30:00,sensor_ocupacao,0.0
2025-09-04 05:45:00,sensor_temp,21.13
2025-09-04 05:45:00,sensor_lux,0.0
2025-09-04 05:45:00,sensor_ocupacao,0.0
2025-09-04 06:00:00,sensor_temp,21.16
2025-09-04 06:00:00,sensor_lux,333.99
2025-09-04 06:00:00,sensor_ocupacao,0.0
2025-09-04 06:15:00,sensor_temp,25.82
2025-09-04 06:15:00,sensor_lux,286.07
2025-09-04 06:15:00,sensor_ocupacao,0.0
2025-09-04 06:30:00,sensor_temp,24.08
2025-09-04 06:30:00,sensor_lux,335.71
2025-09-04 06:30:00,sensor_ocupacao,1.0
2025-09-04 06:45:00,sensor_temp,24.0
2025-09-04 06:45:00,sensor_lux,267.5
2025-09-04 06:45:00,sensor_ocupacao,0.0
2025-09-04 07:00:00,sensor_temp,22.47
2025-09-04 07:00:00,sensor_lux,373.01
2025-09-04 07:00:00,sensor_ocupacao,0.0
2025-09-04 07:15:00,sensor_temp,22.1
2025-09-04 07:15:00,sensor_lux,307.96
2025-09-04 07:15:00,sensor_ocupacao,1.0
2025-09-04 07:30:00,sensor_temp,22.63
2025-09-04 07:30:00,sensor_lux,273.48
2025-09-04 07:30:00,sensor_ocupacao,0.0
2025-09-04 07:45:00,sensor_temp,23.35
2025-09-04 07:45:00,sensor_lux,295.41
2025-09-04 07:45:00,sensor_ocupacao,0.0
2025-09-04 08:00:00,sensor_temp,21.99
2025-09-04 08:00:00,sensor_lux,269.9
2025-09-04 08:00:00,sensor_ocupacao,0.0
2025-09-04 08:15:00,sensor_temp,24.64
2025-09-04 08:15:00,sensor_lux,292.87
2025-09-04 08:15:00,sensor_ocupacao,0.0
2025-09-04 08:30:00,sensor_temp,21.84
2025-09-04 08:30:00,sensor_lux,275.28
2025-09-04 08:30:00,sensor_ocupacao,1.0
2025-09-04 08:45:00,sensor_temp,21.56
2025-09-04 08:45:00,sensor_lux,367.84
2025-09-04 08:45:00,sensor_ocupacao,1.0
2025-09-04 09:00:00,sensor_temp,24.57
2025-09-04 09:00:00,sensor_lux,241.74
2025-09-04 09:00:00,sensor_ocupacao,1.0
2025-09-04 09:15:00,sensor_temp,24.88
2025-09-04 09:15:00,sensor_lux,240.24
2025-09-04 09:15:00,sensor_ocupacao,1.0
2025-09-04 09:30:00,sensor_temp,20.55
2025-09-04 09:30:00,sensor_lux,321.26
2025-09-04 09:30:00,sensor_ocupacao,0.0
2025-09-04 09:45:00,sensor_temp,20.85
2025-09-04 09:45:00,sensor_lux,322.29
2025-09-04 09:45:00,sensor_ocupacao,1.0
2025-09-04 10:00:00,sensor_temp,24.1
2025-09-04 10:00:00,sensor_lux,301.05
2025-09-04 10:00:00,sensor_ocupacao,1.0
2025-09-04 10:15:00,sensor_temp,24.94
2025-09-04 10:15:00,sensor_lux,248.0
2025-09-04 10:15:00,sensor_ocupacao,1.0
2025-09-04 10:30:00,sensor_temp,21.19
2025-09-04 10:30:00,sensor_lux,350.23
2025-09-04 10:30:00,sensor_ocupacao,1.0
2025-09-04 10:45:00,sensor_temp,22.33
2025-09-04 10:45:00,sensor_lux,376.49
2025-09-04 10:45:00,sensor_ocupacao,1.0
2025-09-04 11:00:00,sensor_temp,23.1
2025-09-04 11:00:00,sensor_lux,287.41
2025-09-04 11:00:00,sensor_ocupacao,1.0
2025-09-04 11:15:00,sensor_temp,22.7
2025-09-04 11:15:00,sensor_lux,407.02
2025-09-04 11:15:00,sensor_ocupacao,1.0
2025-09-04 11:30:00,sensor_temp,23.13
2025-09-04 11:30:00,sensor_lux,250.01
2025-09-04 11:30:00,sensor_ocupacao,0.0
2025-09-04 11:45:00,sensor_temp,22.17
2025-09-04 11:45:00,sensor_lux,230.19
2025-09-04 11:45:00,sensor_ocupacao,1.0
2025-09-04 12:00:00,sensor_temp,22.74
2025-09-04 12:00:00,sensor_lux,251.78
2025-09-04 12:00:00,sensor_ocupacao,0.0
2025-09-04 12:15:00,sensor_temp,24.59
2025-09-04 12:15:00,sensor_lux,275.14
2025-09-04 12:15:00,sensor_ocupacao,0.0
2025-09-04 12:30:00,sensor_temp,25.03
2025-09-04 12:30:00,sensor_lux,326.55
2025-09-04 12:30:00,sensor_ocupacao,1.0
2025-09-04 12:45:00,sensor_temp,22.33
2025-09-04 12:45:00,sensor_lux,251.57
2025-09-04 12:45:00,sensor_ocupacao,1.0
2025-09-04 13:00:00,sensor_temp,22.72
2025-09-04 13:00:00,sensor_lux,254.65
2025-09-04 13:00:00,sensor_ocupacao,1.0
2025-09-04 13:15:00,sensor_temp,22.51
2025-09-04 13:15:00,sensor_lux,245.05
2025-09-04 13:15:00,sensor_ocupacao,0.0
2025-09-04 13:30:00,sensor_temp,22.54
2025-09-04 13:30:00,sensor_lux,301.85
2025-09-04 13:30:00,sensor_ocupacao,1.0
2025-09-04 13:45:00,sensor_temp,22.68
2025-09-04 13:45:00,sensor_lux,289.8
2025-09-04 13:45:00,sensor_ocupacao,1.0
2025-09-04 14:00:00,sensor_temp,23.03
2025-09-04 14:00:00,sensor_lux,232.92
2025-09-04 14:00:00,sensor_ocupacao,1.0
2025-09-04 14:15:00,sensor_temp,21.85
2025-09-04 14:15:00,sensor_lux,246.57
2025-09-04 14:15:00,sensor_ocupacao,1.0
2025-09-04 14:30:00,sensor_temp,23.03
2025-09-04 14:30:00,sensor_lux,280.05
2025-09-04 14:30:00,sensor_ocupacao,0.0
2025-09-04 14:45:00,sensor_temp,18.51
2025-09-04 14:45:00,sensor_lux,314.24
2025-09-04 14:45:00,sensor_ocupacao,1.0
2025-09-04 15:00:00,sensor_temp,21.57
2025-09-04 15:00:00,sensor_lux,356.52
2025-09-04 15:00:00,sensor_ocupacao,0.0
2025-09-04 15:15:00,sensor_temp,22.07
2025-09-04 15:15:00,sensor_lux,264.3
2025-09-04 15:15:00,sensor_ocupacao,1.0
2025-09-04 15:30:00,sensor_temp,23.54
2025-09-04 15:30:00,sensor_lux,407.84
2025-09-04 15:30:00,sensor_ocupacao,1.0
2025-09-04 15:45:00,sensor_temp,21.26
2025-09-04 15:45:00,sensor_lux,324.23
2025-09-04 15:45:00,sensor_ocupacao,1.0
2025-09-04 16:00:00,sensor_temp,24.0
2025-09-04 16:00:00,sensor_lux,283.4
2025-09-04 16:00:00,sensor_ocupacao,0.0
2025-09-04 16:15:00,sensor_temp,22.79
2025-09-04 16:15:00,sensor_lux,288.3
2025-09-04 16:15:00,sensor_ocupacao,1.0
2025-09-04 16:30:00,sensor_temp,20.53
2025-09-04 16:30:00,sensor_lux,303.23
2025-09-04 16:30:00,sensor_ocupacao,1.0
2025-09-04 16:45:00,sensor_temp,23.19
2025-09-04 16:45:00,sensor_lux,223.95
2025-09-04 16:45:00,sensor_ocupacao,1.0
2025-09-04 17:00:00,sensor_temp,23.89
2025-09-04 17:00:00,sensor_lux,252.26
2025-09-04 17:00:00,sensor_ocupacao,0.0
2025-09-04 17:15:00,sensor_temp,23.5
2025-09-04 17:15:00,sensor_lux,335.27
2025-09-04 17:15:00,sensor_ocupacao,1.0
2025-09-04 17:30:00,sensor_temp,21.37
2025-09-04 17:30:00,sensor_lux,377.91
2025-09-04 17:30:00,sensor_ocupacao,0.0
2025-09-04 17:45:00,sensor_temp,21.63
2025-09-04 17:45:00,sensor_lux,327.86
2025-09-04 17:45:00,sensor_ocupacao,1.0
2025-09-04 18:00:00,sensor_temp,23.87
2025-09-04 18:00:00,sensor_lux,215.68
2025-09-04 18:00:00,sensor_ocupacao,1.0
2025-09-04 18:15:00,sensor_temp,22.22
2025-09-04 18:15:00,sensor_lux,316.02
2025-09-04 18:15:00,sensor_ocupacao,1.0
2025-09-04 18:30:00,sensor_temp,23.27
2025-09-04 18:30:00,sensor_lux,363.93
2025-09-04 18:30:00,sensor_ocupacao,0.0
2025-09-04 18:45:00,sensor_temp,24.05
2025-09-04 18:45:00,sensor_lux,285.6
2025-09-04 18:45:00,sensor_ocupacao,1.0
2025-09-04 19:00:00,sensor_temp,20.58
2025-09-04 19:00:00,sensor_lux,0.0
2025-09-04 19:00:00,sensor_ocupacao,0.0
2025-09-04 19:15:00,sensor_temp,19.69
2025-09-04 19:15:00,sensor_lux,0.0
2025-09-04 19:15:00,sensor_ocupacao,0.0
2025-09-04 19:30:00,sensor_temp,20.7
2025-09-04 19:30:00,sensor_lux,0.0
2025-09-04 19:30:00,sensor_ocupacao,0.0
2025-09-04 19:45:00,sensor_temp,19.95
2025-09-04 19:45:00,sensor_lux,0.0
2025-09-04 19:45:00,sensor_ocupacao,0.0
2025-09-04 20:00:00,sensor_temp,19.17
2025-09-04 20:00:00,sensor_lux,0.0
2025-09-04 20:00:00,sensor_ocupacao,0.0
2025-09-04 20:15:00,sensor_temp,19.78
2025-09-04 20:15:00,sensor_lux,0.0
2025-09-04 20:15:00,sensor_ocupacao,0.0
2025-09-04 20:30:00,sensor_temp,19.07
2025-09-04 20:30:00,sensor_lux,0.0
2025-09-04 20:30:00,sensor_ocupacao,0.0
2025-09-04 20:45:00,sensor_temp,19.29
2025-09-04 20:45:00,sensor_lux,0.0
2025-09-04 20:45:00,sensor_ocupacao,0.0
2025-09-04 21:00:00,sensor_temp,19.79
2025-09-04 21:00:00,sensor_lux,0.0
2025-09-04 21:00:00,sensor_ocupacao,0.0
2025-09-04 21:15:00,sensor_temp,20.08
2025-09-04 21:15:00,sensor_lux,0.0
2025-09-04 21:15:00,sensor_ocupacao,1.0
2025-09-04 21:30:00,sensor_temp,19.91
2025-09-04 21:30:00,sensor_lux,0.0
2025-09-04 21:30:00,sensor_ocupacao,0.0
2025-09-04 21:45:00,sensor_temp,20.77
2025-09-04 21:45:00,sensor_lux,0.0
2025-09-04 21:45:00,sensor_ocupacao,0.0
2025-09-04 22:00:00,sensor_temp,20.44
2025-09-04 22:00:00,sensor_lux,0.0
2025-09-04 22:00:00,sensor_ocupacao,0.0
2025-09-04 22:15:00,sensor_temp,20.49
2025-09-04 22:15:00,sensor_lux,0.0
2025-09-04 22:15:00,sensor_ocupacao,0.0
2025-09-04 22:30:00,sensor_temp,20.46
2025-09-04 22:30:00,sensor_lux,0.0
2025-09-04 22:30:00,sensor_ocupacao,0.0
2025-09-04 22:45:00,sensor_temp,20.87
2025-09-04 22:45:00,sensor_lux,0.0
2025-09-04 22:45:00,sensor_ocupacao,0.0
2025-09-04 23:00:00,sensor_temp,21.72
2025-09-04 23:00:00,sensor_lux,0.0
2025-09-04 23:00:00,sensor_ocupacao,0.0
2025-09-04 23:15:00,sensor_temp,21.16
2025-09-04 23:15:00,sensor_lux,0.0
2025-09-04 23:15:00,sensor_ocupacao,0.0
2025-09-04 23:30:00,sensor_temp,19.03
2025-09-04 23:30:00,sensor_lux,0.0
2025-09-04 23:30:00,sensor_ocupacao,0.0
2025-09-04 23:45:00,sensor_temp,20.91
2025-09-04 23:45:00,sensor_lux,0.0
2025-09-04 23:45:00,sensor_ocupacao,0.0
2025-09-05 00:00:00,sensor_temp,20.58
2025-09-05 00:00:00,sensor_lux,0.0
2025-09-05 00:00:00,sensor_ocupacao,0.0
2025-09-05 00:15:00,sensor_temp,20.56
2025-09-05 00:15:00,sensor_lux,0.0
2025-09-05 00:15:00,sensor_ocupacao,0.0
2025-09-05 00:30:00,sensor_temp,20.55
2025-09-05 00:30:00,sensor_lux,0.0
2025-09-05 00:30:00,sensor_ocupacao,1.0
2025-09-05 00:45:00,sensor_temp,21.57
2025-09-05 00:45:00,sensor_lux,0.0
2025-09-05 00:45:00,sensor_ocupacao,0.0
2025-09-05 01:00:00,sensor_temp,20.04
2025-09-05 01:00:00,sensor_lux,0.0
2025-09-05 01:00:00,sensor_ocupacao,0.0
2025-09-05 01:15:00,sensor_temp,17.88
2025-09-05 01:15:00,sensor_lux,0.0
2025-09-05 01:15:00,sensor_ocupacao,0.0
2025-09-05 01:30:00,sensor_temp,22.35
2025-09-05 01:30:00,sensor_lux,0.0
2025-09-05 01:30:00,sensor_ocupacao,0.0
2025-09-05 01:45:00,sensor_temp,19.16
2025-09-05 01:45:00,sensor_lux,0.0
2025-09-05 01:45:00,sensor_ocupacao,0.0
2025-09-05 02:00:00,sensor_temp,20.65
2025-09-05 02:00:00,sensor_lux,0.0
2025-09-05 02:00:00,sensor_ocupacao,0.0
2025-09-05 02:15:00,sensor_temp,19.28
2025-09-05 02:15:00,sensor_lux,0.0
2025-09-05 02:15:00,sensor_ocupacao,0.0
2025-09-05 02:30:00,sensor_temp,17.69
2025-09-05 02:30:00,sensor_lux,0.0
2025-09-05 02:30:00,sensor_ocupacao,1.0
2025-09-05 02:45:00,sensor_temp,20.65
2025-09-05 02:45:00,sensor_lux,0.0
2025-09-05 02:45:00,sensor_ocupacao,0.0
2025-09-05 03:00:00,sensor_temp,19.2
2025-09-05 03:00:00,sensor_lux,0.0
2025-09-05 03:00:00,sensor_ocupacao,0.0
2025-09-05 03:15:00,sensor_temp,19.29
2025-09-05 03:15:00,sensor_lux,0.0
2025-09-05 03:15:00,sensor_ocupacao,1.0
2025-09-05 03:30:00,sensor_temp,19.17
2025-09-05 03:30:00,sensor_lux,0.0
2025-09-05 03:30:00,sensor_ocupacao,0.0
2025-09-05 03:45:00,sensor_temp,20.57
2025-09-05 03:45:00,sensor_lux,0.0
2025-09-05 03:45:00,sensor_ocupacao,0.0
2025-09-05 04:00:00,sensor_temp,19.31
2025-09-05 04:00:00,sensor_lux,0.0
2025-09-05 04:00:00,sensor_ocupacao,0.0
2025-09-05 04:15:00,sensor_temp,19.49
2025-09-05 04:15:00,sensor_lux,0.0
2025-09-05 04:15:00,sensor_ocupacao,0.0
2025-09-05 04:30:00,sensor_temp,19.3
2025-09-05 04:30:00,sensor_lux,0.0
2025-09-05 04:30:00,sensor_ocupacao,0.0
2025-09-05 04:45:00,sensor_temp,21.53
2025-09-05 04:45:00,sensor_lux,0.0
2025-09-05 04:45:00,sensor_ocupacao,0.0
2025-09-05 05:00:00,sensor_temp,20.55
2025-09-05 05:00:00,sensor_lux,0.0
2025-09-05 05:00:00,sensor_ocupacao,0.0
2025-09-05 05:15:00,sensor_temp,20.41
2025-09-05 05:15:00,sensor_lux,0.0
2025-09-05 05:15:00,sensor_ocupacao,0.0
2025-09-05 05:30:00,sensor_temp,19.9
2025-09-05 05:30:00,sensor_lux,0.0
2025-09-05 05:30:00,sensor_ocupacao,0.0
2025-09-05 05:45:00,sensor_temp,19.8
2025-09-05 05:45:00,sensor_lux,0.0
2025-09-05 05:45:00,sensor_ocupacao,0.0
2025-09-05 06:00:00,sensor_temp,26.22
2025-09-05 06:00:00,sensor_lux,282.26
2025-09-05 06:00:00,sensor_ocupacao,0.0
2025-09-05 06:15:00,sensor_temp,22.11
2025-09-05 06:15:00,sensor_lux,277.43
2025-09-05 06:15:00,sensor_ocupacao,0.0
2025-09-05 06:30:00,sensor_temp,25.11
2025-09-05 06:30:00,sensor_lux,240.67
2025-09-05 06:30:00,sensor_ocupacao,0.0
2025-09-05 06:45:00,sensor_temp,22.11
2025-09-05 06:45:00,sensor_lux,323.78
2025-09-05 06:45:00,sensor_ocupacao,0.0
2025-09-05 07:00:00,sensor_temp,24.43
2025-09-05 07:00:00,sensor_lux,314.27
2025-09-05 07:00:00,sensor_ocupacao,0.0
2025-09-05 07:15:00,sensor_temp,26.08
2025-09-05 07:15:00,sensor_lux,315.76
2025-09-05 07:15:00,sensor_ocupacao,0.0
2025-09-05 07:30:00,sensor_temp,22.32
2025-09-05 07:30:00,sensor_lux,329.83
2025-09-05 07:30:00,sensor_ocupacao,1.0
2025-09-05 07:45:00,sensor_temp,22.99
2025-09-05 07:45:00,sensor_lux,322.21
2025-09-05 07:45:00,sensor_ocupacao,0.0
2025-09-05 08:00:00,sensor_temp,22.11
2025-09-05 08:00:00,sensor_lux,202.46
2025-09-05 08:00:00,sensor_ocupacao,1.0
2025-09-05 08:15:00,sensor_temp,23.47
2025-09-05 08:15:00,sensor_lux,302.32
2025-09-05 08:15:00,sensor_ocupacao,1.0
2025-09-05 08:30:00,sensor_temp,24.74
2025-09-05 08:30:00,sensor_lux,326.6
2025-09-05 08:30:00,sensor_ocupacao,1.0
2025-09-05 08:45:00,sensor_temp,20.97
2025-09-05 08:45:00,sensor_lux,273.04
2025-09-05 08:45:00,sensor_ocupacao,1.0
2025-09-05 09:00:00,sensor_temp,24.02
2025-09-05 09:00:00,sensor_lux,274.73
2025-09-05 09:00:00,sensor_ocupacao,0.0
2025-09-05 09:15:00,sensor_temp,21.91
2025-09-05 09:15:00,sensor_lux,264.63
2025-09-05 09:15:00,sensor_ocupacao,1.0
2025-09-05 09:30:00,sensor_temp,22.91
2025-09-05 09:30:00,sensor_lux,254.21
2025-09-05 09:30:00,sensor_ocupacao,0.0
2025-09-05 09:45:00,sensor_temp,23.52
2025-09-05 09:45:00,sensor_lux,318.7
2025-09-05 09:45:00,sensor_ocupacao,1.0
2025-09-05 10:00:00,sensor_temp,23.82
2025-09-05 10:00:00,sensor_lux,273.83
2025-09-05 10:00:00,sensor_ocupacao,0.0
2025-09-05 10:15:00,sensor_temp,24.14
2025-09-05 10:15:00,sensor_lux,239.33
2025-09-05 10:15:00,sensor_ocupacao,1.0
2025-09-05 10:30:00,sensor_temp,25.41
2025-09-05 10:30:00,sensor_lux,300.59
2025-09-05 10:30:00,sensor_ocupacao,0.0
2025-09-05 10:45:00,sensor_temp,24.81
2025-09-05 10:45:00,sensor_lux,329.42
2025-09-05 10:45:00,sensor_ocupacao,0.0
2025-09-05 11:00:00,sensor_temp,26.24
2025-09-05 11:00:00,sensor_lux,381.33
2025-09-05 11:00:00,sensor_ocupacao,1.0
2025-09-05 11:15:00,sensor_temp,21.57
2025-09-05 11:15:00,sensor_lux,312.11
2025-09-05 11:15:00,sensor_ocupacao,0.0
2025-09-05 11:30:00,sensor_temp,24.48
2025-09-05 11:30:00,sensor_lux,360.61
2025-09-05 11:30:00,sensor_ocupacao,1.0
2025-09-05 11:45:00,sensor_temp,23.73
2025-09-05 11:45:00,sensor_lux,287.26
2025-09-05 11:45:00,sensor_ocupacao,1.0
2025-09-05 12:00:00,sensor_temp,23.08
2025-09-05 12:00:00,sensor_lux,345.63
2025-09-05 12:00:00,sensor_ocupacao,1.0
2025-09-05 12:15:00,sensor_temp,21.68
2025-09-05 12:15:00,sensor_lux,326.47
2025-09-05 12:15:00,sensor_ocupacao,1.0
2025-09-05 12:30:00,sensor_temp,24.52
2025-09-05 12:30:00,sensor_lux,337.69
2025-09-05 12:30:00,sensor_ocupacao,1.0
2025-09-05 12:45:00,sensor_temp,19.68
2025-09-05 12:45:00,sensor_lux,236.54
2025-09-05 12:45:00,sensor_ocupacao,1.0
2025-09-05 13:00:00,sensor_temp,21.96
2025-09-05 13:00:00,sensor_lux,339.64
2025-09-05 13:00:00,sensor_ocupacao,1.0
2025-09-05 13:15:00,sensor_temp,24.42
2025-09-05 13:15:00,sensor_lux,303.8
2025-09-05 13:15:00,sensor_ocupacao,0.0
2025-09-05 13:30:00,sensor_temp,20.27
2025-09-05 13:30:00,sensor_lux,322.47
2025-09-05 13:30:00,sensor_ocupacao,1.0
2025-09-05 13:45:00,sensor_temp,22.08
2025-09-05 13:45:00,sensor_lux,310.13
2025-09-05 13:45:00,sensor_ocupacao,1.0
2025-09-05 14:00:00,sensor_temp,23.05
2025-09-05 14:00:00,sensor_lux,286.93
2025-09-05 14:00:00,sensor_ocupacao,1.0
2025-09-05 14:15:00,sensor_temp,23.81
2025-09-05 14:15:00,sensor_lux,257.75
2025-09-05 14:15:00,sensor_ocupacao,1.0
2025-09-05 14:30:00,sensor_temp,23.14
2025-09-05 14:30:00,sensor_lux,311.0
2025-09-05 14:30:00,sensor_ocupacao,1.0
2025-09-05 14:45:00,sensor_temp,21.88
2025-09-05 14:45:00,sensor_lux,319.49
2025-09-05 14:45:00,sensor_ocupacao,1.0
2025-09-05 15:00:00,sensor_temp,22.12
2025-09-05 15:00:00,sensor_lux,286.26
2025-09-05 15:00:00,sensor_ocupacao,0.0
2025-09-05 15:15:00,sensor_temp,23.53
2025-09-05 15:15:00,sensor_lux,217.99
2025-09-05 15:15:00,sensor_ocupacao,1.0
2025-09-05 15:30:00,sensor_temp,24.3
2025-09-05 15:30:00,sensor_lux,344.69
2025-09-05 15:30:00,sensor_ocupacao,1.0
2025-09-05 15:45:00,sensor_temp,21.96
2025-09-05 15:45:00,sensor_lux,258.97
2025-09-05 15:45:00,sensor_ocupacao,1.0
2025-09-05 16:00:00,sensor_temp,22.17
2025-09-05 16:00:00,sensor_lux,277.38
2025-09-05 16:00:00,sensor_ocupacao,0.0
2025-09-05 16:15:00,sensor_temp,20.72
2025-09-05 16:15:00,sensor_lux,293.28
2025-09-05 16:15:00,sensor_ocupacao,1.0
2025-09-05 16:30:00,sensor_temp,27.67
2025-09-05 16:30:00,sensor_lux,327.91
2025-09-05 16:30:00,sensor_ocupacao,1.0
2025-09-05 16:45:00,sensor_temp,24.51
2025-09-05 16:45:00,sensor_lux,308.28
2025-09-05 16:45:00,sensor_ocupacao,0.0
2025-09-05 17:00:00,sensor_temp,25.57
2025-09-05 17:00:00,sensor_lux,242.36
2025-09-05 17:00:00,sensor_ocupacao,0.0
2025-09-05 17:15:00,sensor_temp,22.34
2025-09-05 17:15:00,sensor_lux,286.61
2025-09-05 17:15:00,sensor_ocupacao,1.0
2025-09-05 17:30:00,sensor_temp,21.83
2025-09-05 17:30:00,sensor_lux,356.59
2025-09-05 17:30:00,sensor_ocupacao,1.0
2025-09-05 17:45:00,sensor_temp,24.14
2025-09-05 17:45:00,sensor_lux,340.06
2025-09-05 17:45:00,sensor_ocupacao,1.0
2025-09-05 18:00:00,sensor_temp,21.29
2025-09-05 18:00:00,sensor_lux,195.8
2025-09-05 18:00:00,sensor_ocupacao,0.0
2025-09-05 18:15:00,sensor_temp,23.98
2025-09-05 18:15:00,sensor_lux,360.51
2025-09-05 18:15:00,sensor_ocupacao,1.0
2025-09-05 18:30:00,sensor_temp,19.09
2025-09-05 18:30:00,sensor_lux,287.82
2025-09-05 18:30:00,sensor_ocupacao,1.0
2025-09-05 18:45:00,sensor_temp,26.6
2025-09-05 18:45:00,sensor_lux,323.67
2025-09-05 18:45:00,sensor_ocupacao,1.0
2025-09-05 19:00:00,sensor_temp,18.74
2025-09-05 19:00:00,sensor_lux,0.0
2025-09-05 19:00:00,sensor_ocupacao,0.0
2025-09-05 19:15:00,sensor_temp,20.54
2025-09-05 19:15:00,sensor_lux,0.0
2025-09-05 19:15:00,sensor_ocupacao,0.0
2025-09-05 19:30:00,sensor_temp,20.34
2025-09-05 19:30:00,sensor_lux,0.0
2025-09-05 19:30:00,sensor_ocupacao,0.0
2025-09-05 19:45:00,sensor_temp,19.88
2025-09-05 19:45:00,sensor_lux,0.0
2025-09-05 19:45:00,sensor_ocupacao,0.0
2025-09-05 20:00:00,sensor_temp,21.39
2025-09-05 20:00:00,sensor_lux,0.0
2025-09-05 20:00:00,sensor_ocupacao,0.0
2025-09-05 20:15:00,sensor_temp,22.5
2025-09-05 20:15:00,sensor_lux,0.0
2025-09-05 20:15:00,sensor_ocupacao,0.0
2025-09-05 20:30:00,sensor_temp,19.21
2025-09-05 20:30:00,sensor_lux,0.0
2025-09-05 20:30:00,sensor_ocupacao,0.0
2025-09-05 20:45:00,sensor_temp,19.95
2025-09-05 20:45:00,sensor_lux,0.0
2025-09-05 20:45:00,sensor_ocupacao,1.0
2025-09-05 21:00:00,sensor_temp,20.76
2025-09-05 21:00:00,sensor_lux,0.0
2025-09-05 21:00:00,sensor_ocupacao,0.0
2025-09-05 21:15:00,sensor_temp,18.89
2025-09-05 21:15:00,sensor_lux,0.0
2025-09-05 21:15:00,sensor_ocupacao,0.0
2025-09-05 21:30:00,sensor_temp,21.01
2025-09-05 21:30:00,sensor_lux,0.0
2025-09-05 21:30:00,sensor_ocupacao,1.0
2025-09-05 21:45:00,sensor_temp,19.17
2025-09-05 21:45:00,sensor_lux,0.0
2025-09-05 21:45:00,sensor_ocupacao,0.0
2025-09-05 22:00:00,sensor_temp,22.68
2025-09-05 22:00:00,sensor_lux,0.0
2025-09-05 22:00:00,sensor_ocupacao,0.0
2025-09-05 22:15:00,sensor_temp,20.83
2025-09-05 22:15:00,sensor_lux,0.0
2025-09-05 22:15:00,sensor_ocupacao,0.0
2025-09-05 22:30:00,sensor_temp,20.08
2025-09-05 22:30:00,sensor_lux,0.0
2025-09-05 22:30:00,sensor_ocupacao,1.0
2025-09-05 22:45:00,sensor_temp,20.18
2025-09-05 22:45:00,sensor_lux,0.0
2025-09-05 22:45:00,sensor_ocupacao,0.0
2025-09-05 23:00:00,sensor_temp,20.87
2025-09-05 23:00:00,sensor_lux,0.0
2025-09-05 23:00:00,sensor_ocupacao,0.0
2025-09-05 23:15:00,sensor_temp,19.0
2025-09-05 23:15:00,sensor_lux,0.0
2025-09-05 23:15:00,sensor_ocupacao,0.0
2025-09-05 23:30:00,sensor_temp,20.19
2025-09-05 23:30:00,sensor_lux,0.0
2025-09-05 23:30:00,sensor_ocupacao,0.0
2025-09-05 23:45:00,sensor_temp,19.46
2025-09-05 23:45:00,sensor_lux,0.0
2025-09-05 23:45:00,sensor_ocupacao,0.0
2025-09-06 00:00:00,sensor_temp,19.7
2025-09-06 00:00:00,sensor_lux,0.0
2025-09-06 00:00:00,sensor_ocupacao,0.0
2025-09-06 00:15:00,sensor_temp,18.68
2025-09-06 00:15:00,sensor_lux,0.0
2025-09-06 00:15:00,sensor_ocupacao,0.0
2025-09-06 00:30:00,sensor_temp,20.77
2025-09-06 00:30:00,sensor_lux,0.0
2025-09-06 00:30:00,sensor_ocupacao,0.0
2025-09-06 00:45:00,sensor_temp,20.22
2025-09-06 00:45:00,sensor_lux,0.0
2025-09-06 00:45:00,sensor_ocupacao,0.0
2025-09-06 01:00:00,sensor_temp,19.15
2025-09-06 01:00:00,sensor_lux,0.0
2025-09-06 01:00:00,sensor_ocupacao,0.0
2025-09-06 01:15:00,sensor_temp,19.5
2025-09-06 01:15:00,sensor_lux,0.0
2025-09-06 01:15:00,sensor_ocupacao,0.0
2025-09-06 01:30:00,sensor_temp,19.78
2025-09-06 01:30:00,sensor_lux,0.0
2025-09-06 01:30:00,sensor_ocupacao,0.0
2025-09-06 01:45:00,sensor_temp,20.78
2025-09-06 01:45:00,sensor_lux,0.0
2025-09-06 01:45:00,sensor_ocupacao,0.0
2025-09-06 02:00:00,sensor_temp,17.99
2025-09-06 02:00:00,sensor_lux,0.0
2025-09-06 02:00:00,sensor_ocupacao,0.0
2025-09-06 02:15:00,sensor_temp,21.22
2025-09-06 02:15:00,sensor_lux,0.0
2025-09-06 02:15:00,sensor_ocupacao,0.0
2025-09-06 02:30:00,sensor_temp,18.71
2025-09-06 02:30:00,sensor_lux,0.0
2025-09-06 02:30:00,sensor_ocupacao,0.0
2025-09-06 02:45:00,sensor_temp,21.54
2025-09-06 02:45:00,sensor_lux,0.0
2025-09-06 02:45:00,sensor_ocupacao,0.0
2025-09-06 03:00:00,sensor_temp,20.52
2025-09-06 03:00:00,sensor_lux,0.0
2025-09-06 03:00:00,sensor_ocupacao,0.0
2025-09-06 03:15:00,sensor_temp,20.14
2025-09-06 03:15:00,sensor_lux,0.0
2025-09-06 03:15:00,sensor_ocupacao,0.0
2025-09-06 03:30:00,sensor_temp,19.51
2025-09-06 03:30:00,sensor_lux,0.0
2025-09-06 03:30:00,sensor_ocupacao,0.0
2025-09-06 03:45:00,sensor_temp,20.23
2025-09-06 03:45:00,sensor_lux,0.0
2025-09-06 03:45:00,sensor_ocupacao,0.0
2025-09-06 04:00:00,sensor_temp,19.04
2025-09-06 04:00:00,sensor_lux,0.0
2025-09-06 04:00:00,sensor_ocupacao,0.0
2025-09-06 04:15:00,sensor_temp,17.39
2025-09-06 04:15:00,sensor_lux,0.0
2025-09-06 04:15:00,sensor_ocupacao,0.0
2025-09-06 04:30:00,sensor_temp,18.07
2025-09-06 04:30:00,sensor_lux,0.0
2025-09-06 04:30:00,sensor_ocupacao,0.0
2025-09-06 04:45:00,sensor_temp,19.95
2025-09-06 04:45:00,sensor_lux,0.0
2025-09-06 04:45:00,sensor_ocupacao,0.0
2025-09-06 05:00:00,sensor_temp,18.13
2025-09-06 05:00:00,sensor_lux,0.0
2025-09-06 05:00:00,sensor_ocupacao,0.0
2025-09-06 05:15:00,sensor_temp,18.55
2025-09-06 05:15:00,sensor_lux,0.0
2025-09-06 05:15:00,sensor_ocupacao,0.0
2025-09-06 05:30:00,sensor_temp,19.35
2025-09-06 05:30:00,sensor_lux,0.0
2025-09-06 05:30:00,sensor_ocupacao,0.0
2025-09-06 05:45:00,sensor_temp,20.41
2025-09-06 05:45:00,sensor_lux,0.0
2025-09-06 05:45:00,sensor_ocupacao,0.0
2025-09-06 06:00:00,sensor_temp,23.14
2025-09-06 06:00:00,sensor_lux,271.95
2025-09-06 06:00:00,sensor_ocupacao,1.0
2025-09-06 06:15:00,sensor_temp,21.79
2025-09-06 06:15:00,sensor_lux,330.29
2025-09-06 06:15:00,sensor_ocupacao,0.0
2025-09-06 06:30:00,sensor_temp,22.41
2025-09-06 06:30:00,sensor_lux,278.5
2025-09-06 06:30:00,sensor_ocupacao,1.0
2025-09-06 06:45:00,sensor_temp,25.73
2025-09-06 06:45:00,sensor_lux,351.3
2025-09-06 06:45:00,sensor_ocupacao,0.0
2025-09-06 07:00:00,sensor_temp,24.07
2025-09-06 07:00:00,sensor_lux,264.11
2025-09-06 07:00:00,sensor_ocupacao,0.0
2025-09-06 07:15:00,sensor_temp,24.52
2025-09-06 07:15:00,sensor_lux,366.6
2025-09-06 07:15:00,sensor_ocupacao,0.0
2025-09-06 07:30:00,sensor_temp,21.52
2025-09-06 07:30:00,sensor_lux,335.83
2025-09-06 07:30:00,sensor_ocupacao,0.0
2025-09-06 07:45:00,sensor_temp,22.36
2025-09-06 07:45:00,sensor_lux,336.37
2025-09-06 07:45:00,sensor_ocupacao,1.0
2025-09-06 08:00:00,sensor_temp,21.68
2025-09-06 08:00:00,sensor_lux,276.94
2025-09-06 08:00:00,sensor_ocupacao,0.0
2025-09-06 08:15:00,sensor_temp,22.04
2025-09-06 08:15:00,sensor_lux,303.11
2025-09-06 08:15:00,sensor_ocupacao,0.0
2025-09-06 08:30:00,sensor_temp,21.42
2025-09-06 08:30:00,sensor_lux,263.95
2025-09-06 08:30:00,sensor_ocupacao,0.0
2025-09-06 08:45:00,sensor_temp,22.96
2025-09-06 08:45:00,sensor_lux,366.56
2025-09-06 08:45:00,sensor_ocupacao,0.0
2025-09-06 09:00:00,sensor_temp,21.32
2025-09-06 09:00:00,sensor_lux,341.3
2025-09-06 09:00:00,sensor_ocupacao,0.0
2025-09-06 09:15:00,sensor_temp,24.16
2025-09-06 09:15:00,sensor_lux,360.19
2025-09-06 09:15:00,sensor_ocupacao,0.0
2025-09-06 09:30:00,sensor_temp,22.87
2025-09-06 09:30:00,sensor_lux,275.96
2025-09-06 09:30:00,sensor_ocupacao,0.0
2025-09-06 09:45:00,sensor_temp,24.05
2025-09-06 09:45:00,sensor_lux,335.29
2025-09-06 09:45:00,sensor_ocupacao,0.0
2025-09-06 10:00:00,sensor_temp,24.09
2025-09-06 10:00:00,sensor_lux,353.28
2025-09-06 10:00:00,sensor_ocupacao,0.0
2025-09-06 10:15:00,sensor_temp,20.34
2025-09-06 10:15:00,sensor_lux,299.66
2025-09-06 10:15:00,sensor_ocupacao,0.0
2025-09-06 10:30:00,sensor_temp,23.69
2025-09-06 10:30:00,sensor_lux,209.71
2025-09-06 10:30:00,sensor_ocupacao,1.0
2025-09-06 10:45:00,sensor_temp,22.4
2025-09-06 10:45:00,sensor_lux,356.38
2025-09-06 10:45:00,sensor_ocupacao,0.0
2025-09-06 11:00:00,sensor_temp,25.55
2025-09-06 11:00:00,sensor_lux,223.87
2025-09-06 11:00:00,sensor_ocupacao,0.0
2025-09-06 11:15:00,sensor_temp,22.82
2025-09-06 11:15:00,sensor_lux,231.82
2025-09-06 11:15:00,sensor_ocupacao,0.0
2025-09-06 11:30:00,sensor_temp,22.42
2025-09-06 11:30:00,sensor_lux,326.01
2025-09-06 11:30:00,sensor_ocupacao,0.0
2025-09-06 11:45:00,sensor_temp,23.36
2025-09-06 11:45:00,sensor_lux,387.91
2025-09-06 11:45:00,sensor_ocupacao,0.0
2025-09-06 12:00:00,sensor_temp,24.17
2025-09-06 12:00:00,sensor_lux,353.26
2025-09-06 12:00:00,sensor_ocupacao,0.0
2025-09-06 12:15:00,sensor_temp,22.91
2025-09-06 12:15:00,sensor_lux,372.08
2025-09-06 12:15:00,sensor_ocupacao,0.0
2025-09-06 12:30:00,sensor_temp,25.79
2025-09-06 12:30:00,sensor_lux,337.98
2025-09-06 12:30:00,sensor_ocupacao,0.0
2025-09-06 12:45:00,sensor_temp,21.37
2025-09-06 12:45:00,sensor_lux,341.14
2025-09-06 12:45:00,sensor_ocupacao,0.0
2025-09-06 13:00:00,sensor_temp,24.97
2025-09-06 13:00:00,sensor_lux,391.95
2025-09-06 13:00:00,sensor_ocupacao,0.0
2025-09-06 13:15:00,sensor_temp,23.37
2025-09-06 13:15:00,sensor_lux,316.81
2025-09-06 13:15:00,sensor_ocupacao,0.0
2025-09-06 13:30:00,sensor_temp,21.87
2025-09-06 13:30:00,sensor_lux,259.79
2025-09-06 13:30:00,sensor_ocupacao,0.0
2025-09-06 13:45:00,sensor_temp,25.07
2025-09-06 13:45:00,sensor_lux,249.55
2025-09-06 13:45:00,sensor_ocupacao,0.0
2025-09-06 14:00:00,sensor_temp,24.55
2025-09-06 14:00:00,sensor_lux,297.96
2025-09-06 14:00:00,sensor_ocupacao,0.0
2025-09-06 14:15:00,sensor_temp,21.63
2025-09-06 14:15:00,sensor_lux,316.42
2025-09-06 14:15:00,sensor_ocupacao,0.0
2025-09-06 14:30:00,sensor_temp,22.27
2025-09-06 14:30:00,sensor_lux,337.72
2025-09-06 14:30:00,sensor_ocupacao,0.0
2025-09-06 14:45:00,sensor_temp,23.01
2025-09-06 14:45:00,sensor_lux,304.06
2025-09-06 14:45:00,sensor_ocupacao,0.0
2025-09-06 15:00:00,sensor_temp,23.42
2025-09-06 15:00:00,sensor_lux,280.99
2025-09-06 15:00:00,sensor_ocupacao,0.0
2025-09-06 15:15:00,sensor_temp,23.29
2025-09-06 15:15:00,sensor_lux,355.44
2025-09-06 15:15:00,sensor_ocupacao,0.0
2025-09-06 15:30:00,sensor_temp,23.83
2025-09-06 15:30:00,sensor_lux,286.07
2025-09-06 15:30:00,sensor_ocupacao,0.0
2025-09-06 15:45:00,sensor_temp,20.54
2025-09-06 15:45:00,sensor_lux,360.74
2025-09-06 15:45:00,sensor_ocupacao,0.0
2025-09-06 16:00:00,sensor_temp,21.18
2025-09-06 16:00:00,sensor_lux,240.12
2025-09-06 16:00:00,sensor_ocupacao,0.0
2025-09-06 16:15:00,sensor_temp,21.83
2025-09-06 16:15:00,sensor_lux,250.27
2025-09-06 16:15:00,sensor_ocupacao,0.0
2025-09-06 16:30:00,sensor_temp,19.95
2025-09-06 16:30:00,sensor_lux,334.15
2025-09-06 16:30:00,sensor_ocupacao,0.0
2025-09-06 16:45:00,sensor_temp,23.78
2025-09-06 16:45:00,sensor_lux,342.71
2025-09-06 16:45:00,sensor_ocupacao,0.0
2025-09-06 17:00:00,sensor_temp,21.35
2025-09-06 17:00:00,sensor_lux,278.69
2025-09-06 17:00:00,sensor_ocupacao,0.0
2025-09-06 17:15:00,sensor_temp,21.85
2025-09-06 17:15:00,sensor_lux,215.23
2025-09-06 17:15:00,sensor_ocupacao,0.0
2025-09-06 17:30:00,sensor_temp,22.1
2025-09-06 17:30:00,sensor_lux,254.29
2025-09-06 17:30:00,sensor_ocupacao,0.0
2025-09-06 17:45:00,sensor_temp,23.53
2025-09-06 17:45:00,sensor_lux,242.13
2025-09-06 17:45:00,sensor_ocupacao,0.0
2025-09-06 18:00:00,sensor_temp,20.35
2025-09-06 18:00:00,sensor_lux,233.57
2025-09-06 18:00:00,sensor_ocupacao,0.0
2025-09-06 18:15:00,sensor_temp,26.17
2025-09-06 18:15:00,sensor_lux,328.81
2025-09-06 18:15:00,sensor_ocupacao,0.0
2025-09-06 18:30:00,sensor_temp,23.54
2025-09-06 18:30:00,sensor_lux,378.18
2025-09-06 18:30:00,sensor_ocupacao,0.0
2025-09-06 18:45:00,sensor_temp,24.98
2025-09-06 18:45:00,sensor_lux,266.69
2025-09-06 18:45:00,sensor_ocupacao,0.0
2025-09-06 19:00:00,sensor_temp,19.89
2025-09-06 19:00:00,sensor_lux,0.0
2025-09-06 19:00:00,sensor_ocupacao,0.0
2025-09-06 19:15:00,sensor_temp,19.72
2025-09-06 19:15:00,sensor_lux,0.0
2025-09-06 19:15:00,sensor_ocupacao,0.0
2025-09-06 19:30:00,sensor_temp,21.52
2025-09-06 19:30:00,sensor_lux,0.0
2025-09-06 19:30:00,sensor_ocupacao,0.0
2025-09-06 19:45:00,sensor_temp,19.19
2025-09-06 19:45:00,sensor_lux,0.0
2025-09-06 19:45:00,sensor_ocupacao,0.0
2025-09-06 20:00:00,sensor_temp,20.03
2025-09-06 20:00:00,sensor_lux,0.0
2025-09-06 20:00:00,sensor_ocupacao,0.0
2025-09-06 20:15:00,sensor_temp,21.98
2025-09-06 20:15:00,sensor_lux,0.0
2025-09-06 20:15:00,sensor_ocupacao,0.0
2025-09-06 20:30:00,sensor_temp,19.98
2025-09-06 20:30:00,sensor_lux,0.0
2025-09-06 20:30:00,sensor_ocupacao,0.0
2025-09-06 20:45:00,sensor_temp,20.1
2025-09-06 20:45:00,sensor_lux,0.0
2025-09-06 20:45:00,sensor_ocupacao,0.0
2025-09-06 21:00:00,sensor_temp,19.0
2025-09-06 21:00:00,sensor_lux,0.0
2025-09-06 21:00:00,sensor_ocupacao,0.0
2025-09-06 21:15:00,sensor_temp,19.15
2025-09-06 21:15:00,sensor_lux,0.0
2025-09-06 21:15:00,sensor_ocupacao,0.0
2025-09-06 21:30:00,sensor_temp,19.81
2025-09-06 21:30:00,sensor_lux,0.0
2025-09-06 21:30:00,sensor_ocupacao,0.0
2025-09-06 21:45:00,sensor_temp,19.76
2025-09-06 21:45:00,sensor_lux,0.0
2025-09-06 21:45:00,sensor_ocupacao,0.0
2025-09-06 22:00:00,sensor_temp,22.49
2025-09-06 22:00:00,sensor_lux,0.0
2025-09-06 22:00:00,sensor_ocupacao,0.0
2025-09-06 22:15:00,sensor_temp,19.71
2025-09-06 22:15:00,sensor_lux,0.0
2025-09-06 22:15:00,sensor_ocupacao,1.0
2025-09-06 22:30:00,sensor_temp,18.86
2025-09-06 22:30:00,sensor_lux,0.0
2025-09-06 22:30:00,sensor_ocupacao,0.0
2025-09-06 22:45:00,sensor_temp,18.71
2025-09-06 22:45:00,sensor_lux,0.0
2025-09-06 22:45:00,sensor_ocupacao,0.0
2025-09-06 23:00:00,sensor_temp,17.42
2025-09-06 23:00:00,sensor_lux,0.0
2025-09-06 23:00:00,sensor_ocupacao,1.0
2025-09-06 23:15:00,sensor_temp,19.48
2025-09-06 23:15:00,sensor_lux,0.0
2025-09-06 23:15:00,sensor_ocupacao,0.0
2025-09-06 23:30:00,sensor_temp,18.75
2025-09-06 23:30:00,sensor_lux,0.0
2025-09-06 23:30:00,sensor_ocupacao,0.0
2025-09-06 23:45:00,sensor_temp,21.36
2025-09-06 23:45:00,sensor_lux,0.0
2025-09-06 23:45:00,sensor_ocupacao,0.0
2025-09-07 00:00:00,sensor_temp,19.51
2025-09-07 00:00:00,sensor_lux,0.0
2025-09-07 00:00:00,sensor_ocupacao,0.0
2025-09-07 00:15:00,sensor_temp,19.83
2025-09-07 00:15:00,sensor_lux,0.0
2025-09-07 00:15:00,sensor_ocupacao,0.0
2025-09-07 00:30:00,sensor_temp,21.7
2025-09-07 00:30:00,sensor_lux,0.0
2025-09-07 00:30:00,sensor_ocupacao,0.0
2025-09-07 00:45:00,sensor_temp,19.66
2025-09-07 00:45:00,sensor_lux,0.0
2025-09-07 00:45:00,sensor_ocupacao,0.0
2025-09-07 01:00:00,sensor_temp,20.39
2025-09-07 01:00:00,sensor_lux,0.0
2025-09-07 01:00:00,sensor_ocupacao,0.0
2025-09-07 01:15:00,sensor_temp,19.11
2025-09-07 01:15:00,sensor_lux,0.0
2025-09-07 01:15:00,sensor_ocupacao,0.0
2025-09-07 01:30:00,sensor_temp,19.75
2025-09-07 01:30:00,sensor_lux,0.0
2025-09-07 01:30:00,sensor_ocupacao,0.0
2025-09-07 01:45:00,sensor_temp,18.61
2025-09-07 01:45:00,sensor_lux,0.0
2025-09-07 01:45:00,sensor_ocupacao,0.0
2025-09-07 02:00:00,sensor_temp,20.37
2025-09-07 02:00:00,sensor_lux,0.0
2025-09-07 02:00:00,sensor_ocupacao,0.0
2025-09-07 02:15:00,sensor_temp,18.78
2025-09-07 02:15:00,sensor_lux,0.0
2025-09-07 02:15:00,sensor_ocupacao,0.0
2025-09-07 02:30:00,sensor_temp,20.14
2025-09-07 02:30:00,sensor_lux,0.0
2025-09-07 02:30:00,sensor_ocupacao,0.0
2025-09-07 02:45:00,sensor_temp,20.53
2025-09-07 02:45:00,sensor_lux,0.0
2025-09-07 02:45:00,sensor_ocupacao,0.0
2025-09-07 03:00:00,sensor_temp,18.6
2025-09-07 03:00:00,sensor_lux,0.0
2025-09-07 03:00:00,sensor_ocupacao,0.0
2025-09-07 03:15:00,sensor_temp,19.82
2025-09-07 03:15:00,sensor_lux,0.0
2025-09-07 03:15:00,sensor_ocupacao,0.0
2025-09-07 03:30:00,sensor_temp,20.16
2025-09-07 03:30:00,sensor_lux,0.0
2025-09-07 03:30:00,sensor_ocupacao,0.0
2025-09-07 03:45:00,sensor_temp,20.99
2025-09-07 03:45:00,sensor_lux,0.0
2025-09-07 03:45:00,sensor_ocupacao,0.0
2025-09-07 04:00:00,sensor_temp,20.38
2025-09-07 04:00:00,sensor_lux,0.0
2025-09-07 04:00:00,sensor_ocupacao,1.0
2025-09-07 04:15:00,sensor_temp,20.44
2025-09-07 04:15:00,sensor_lux,0.0
2025-09-07 04:15:00,sensor_ocupacao,0.0
2025-09-07 04:30:00,sensor_temp,17.78
2025-09-07 04:30:00,sensor_lux,0.0
2025-09-07 04:30:00,sensor_ocupacao,0.0
2025-09-07 04:45:00,sensor_temp,19.76
2025-09-07 04:45:00,sensor_lux,0.0
2025-09-07 04:45:00,sensor_ocupacao,0.0
2025-09-07 05:00:00,sensor_temp,21.8
2025-09-07 05:00:00,sensor_lux,0.0
2025-09-07 05:00:00,sensor_ocupacao,0.0
2025-09-07 05:15:00,sensor_temp,19.71
2025-09-07 05:15:00,sensor_lux,0.0
2025-09-07 05:15:00,sensor_ocupacao,0.0
2025-09-07 05:30:00,sensor_temp,19.86
2025-09-07 05:30:00,sensor_lux,0.0
2025-09-07 05:30:00,sensor_ocupacao,0.0
2025-09-07 05:45:00,sensor_temp,19.53
2025-09-07 05:45:00,sensor_lux,0.0
2025-09-07 05:45:00,sensor_ocupacao,1.0
2025-09-07 06:00:00,sensor_temp,22.85
2025-09-07 06:00:00,sensor_lux,288.48
2025-09-07 06:00:00,sensor_ocupacao,0.0
2025-09-07 06:15:00,sensor_temp,21.6
2025-09-07 06:15:00,sensor_lux,312.79
2025-09-07 06:15:00,sensor_ocupacao,0.0
2025-09-07 06:30:00,sensor_temp,19.27
2025-09-07 06:30:00,sensor_lux,374.28
2025-09-07 06:30:00,sensor_ocupacao,1.0
2025-09-07 06:45:00,sensor_temp,21.99
2025-09-07 06:45:00,sensor_lux,384.33
2025-09-07 06:45:00,sensor_ocupacao,1.0
2025-09-07 07:00:00,sensor_temp,22.12
2025-09-07 07:00:00,sensor_lux,295.46
2025-09-07 07:00:00,sensor_ocupacao,0.0
2025-09-07 07:15:00,sensor_temp,23.25
2025-09-07 07:15:00,sensor_lux,364.83
2025-09-07 07:15:00,sensor_ocupacao,0.0
2025-09-07 07:30:00,sensor_temp,21.88
2025-09-07 07:30:00,sensor_lux,262.44
2025-09-07 07:30:00,sensor_ocupacao,0.0
2025-09-07 07:45:00,sensor_temp,23.96
2025-09-07 07:45:00,sensor_lux,321.81
2025-09-07 07:45:00,sensor_ocupacao,0.0
2025-09-07 08:00:00,sensor_temp,22.62
2025-09-07 08:00:00,sensor_lux,325.91
2025-09-07 08:00:00,sensor_ocupacao,0.0
2025-09-07 08:15:00,sensor_temp,24.35
2025-09-07 08:15:00,sensor_lux,293.33
2025-09-07 08:15:00,sensor_ocupacao,0.0
2025-09-07 08:30:00,sensor_temp,20.6
2025-09-07 08:30:00,sensor_lux,355.3
2025-09-07 08:30:00,sensor_ocupacao,0.0
2025-09-07 08:45:00,sensor_temp,23.51
2025-09-07 08:45:00,sensor_lux,301.88
2025-09-07 08:45:00,sensor_ocupacao,1.0
2025-09-07 09:00:00,sensor_temp,21.94
2025-09-07 09:00:00,sensor_lux,360.17
2025-09-07 09:00:00,sensor_ocupacao,0.0
2025-09-07 09:15:00,sensor_temp,21.7
2025-09-07 09:15:00,sensor_lux,250.64
2025-09-07 09:15:00,sensor_ocupacao,0.0
2025-09-07 09:30:00,sensor_temp,24.68
2025-09-07 09:30:00,sensor_lux,366.71
2025-09-07 09:30:00,sensor_ocupacao,0.0
2025-09-07 09:45:00,sensor_temp,24.6
2025-09-07 09:45:00,sensor_lux,298.96
2025-09-07 09:45:00,sensor_ocupacao,0.0
2025-09-07 10:00:00,sensor_temp,22.19
2025-09-07 10:00:00,sensor_lux,297.82
2025-09-07 10:00:00,sensor_ocupacao,0.0
2025-09-07 10:15:00,sensor_temp,26.33
2025-09-07 10:15:00,sensor_lux,356.56
2025-09-07 10:15:00,sensor_ocupacao,0.0
2025-09-07 10:30:00,sensor_temp,24.58
2025-09-07 10:30:00,sensor_lux,286.04
2025-09-07 10:30:00,sensor_ocupacao,0.0
2025-09-07 10:45:00,sensor_temp,21.88
2025-09-07 10:45:00,sensor_lux,275.25
2025-09-07 10:45:00,sensor_ocupacao,0.0
2025-09-07 11:00:00,sensor_temp,23.36
2025-09-07 11:00:00,sensor_lux,299.43
2025-09-07 11:00:00,sensor_ocupacao,0.0
2025-09-07 11:15:00,sensor_temp,24.43
2025-09-07 11:15:00,sensor_lux,310.62
2025-09-07 11:15:00,sensor_ocupacao,0.0
2025-09-07 11:30:00,sensor_temp,21.59
2025-09-07 11:30:00,sensor_lux,418.17
2025-09-07 11:30:00,sensor_ocupacao,0.0
2025-09-07 11:45:00,sensor_temp,23.9
2025-09-07 11:45:00,sensor_lux,328.66
2025-09-07 11:45:00,sensor_ocupacao,0.0
2025-09-07 12:00:00,sensor_temp,23.06
2025-09-07 12:00:00,sensor_lux,222.2
2025-09-07 12:00:00,sensor_ocupacao,0.0
2025-09-07 12:15:00,sensor_temp,21.93
2025-09-07 12:15:00,sensor_lux,355.75
2025-09-07 12:15:00,sensor_ocupacao,0.0
2025-09-07 12:30:00,sensor_temp,21.75
2025-09-07 12:30:00,sensor_lux,254.52
2025-09-07 12:30:00,sensor_ocupacao,0.0
2025-09-07 12:45:00,sensor_temp,23.08
2025-09-07 12:45:00,sensor_lux,322.81
2025-09-07 12:45:00,sensor_ocupacao,0.0
2025-09-07 13:00:00,sensor_temp,22.72
2025-09-07 13:00:00,sensor_lux,317.7
2025-09-07 13:00:00,sensor_ocupacao,0.0
2025-09-07 13:15:00,sensor_temp,23.99
2025-09-07 13:15:00,sensor_lux,335.15
2025-09-07 13:15:00,sensor_ocupacao,0.0
2025-09-07 13:30:00,sensor_temp,22.98
2025-09-07 13:30:00,sensor_lux,331.37
2025-09-07 13:30:00,sensor_ocupacao,0.0
2025-09-07 13:45:00,sensor_temp,22.15
2025-09-07 13:45:00,sensor_lux,282.47
2025-09-07 13:45:00,sensor_ocupacao,0.0
2025-09-07 14:00:00,sensor_temp,23.0
2025-09-07 14:00:00,sensor_lux,268.46
2025-09-07 14:00:00,sensor_ocupacao,0.0
2025-09-07 14:15:00,sensor_temp,21.2
2025-09-07 14:15:00,sensor_lux,277.23
2025-09-07 14:15:00,sensor_ocupacao,0.0
2025-09-07 14:30:00,sensor_temp,25.37
2025-09-07 14:30:00,sensor_lux,366.15
2025-09-07 14:30:00,sensor_ocupacao,0.0
2025-09-07 14:45:00,sensor_temp,23.73
2025-09-07 14:45:00,sensor_lux,276.18
2025-09-07 14:45:00,sensor_ocupacao,0.0
2025-09-07 15:00:00,sensor_temp,23.4
2025-09-07 15:00:00,sensor_lux,372.3
2025-09-07 15:00:00,sensor_ocupacao,0.0
2025-09-07 15:15:00,sensor_temp,21.03
2025-09-07 15:15:00,sensor_lux,281.91
2025-09-07 15:15:00,sensor_ocupacao,0.0
2025-09-07 15:30:00,sensor_temp,24.67
2025-09-07 15:30:00,sensor_lux,334.95
2025-09-07 15:30:00,sensor_ocupacao,0.0
2025-09-07 15:45:00,sensor_temp,22.85
2025-09-07 15:45:00,sensor_lux,344.4
2025-09-07 15:45:00,sensor_ocupacao,0.0
2025-09-07 16:00:00,sensor_temp,20.59
2025-09-07 16:00:00,sensor_lux,341.63
2025-09-07 16:00:00,sensor_ocupacao,0.0
2025-09-07 16:15:00,sensor_temp,24.58
2025-09-07 16:15:00,sensor_lux,318.55
2025-09-07 16:15:00,sensor_ocupacao,0.0
2025-09-07 16:30:00,sensor_temp,21.96
2025-09-07 16:30:00,sensor_lux,359.17
2025-09-07 16:30:00,sensor_ocupacao,0.0
2025-09-07 16:45:00,sensor_temp,23.97
2025-09-07 16:45:00,sensor_lux,252.83
2025-09-07 16:45:00,sensor_ocupacao,1.0
2025-09-07 17:00:00,sensor_temp,25.17
2025-09-07 17:00:00,sensor_lux,236.97
2025-09-07 17:00:00,sensor_ocupacao,0.0
2025-09-07 17:15:00,sensor_temp,21.57
2025-09-07 17:15:00,sensor_lux,278.06
2025-09-07 17:15:00,sensor_ocupacao,0.0
2025-09-07 17:30:00,sensor_temp,22.4
2025-09-07 17:30:00,sensor_lux,279.81
2025-09-07 17:30:00,sensor_ocupacao,0.0
2025-09-07 17:45:00,sensor_temp,21.75
2025-09-07 17:45:00,sensor_lux,342.35
2025-09-07 17:45:00,sensor_ocupacao,0.0
2025-09-07 18:00:00,sensor_temp,24.11
2025-09-07 18:00:00,sensor_lux,310.29
2025-09-07 18:00:00,sensor_ocupacao,0.0
2025-09-07 18:15:00,sensor_temp,21.35
2025-09-07 18:15:00,sensor_lux,243.65
2025-09-07 18:15:00,sensor_ocupacao,0.0
2025-09-07 18:30:00,sensor_temp,22.2
2025-09-07 18:30:00,sensor_lux,372.83
2025-09-07 18:30:00,sensor_ocupacao,0.0
2025-09-07 18:45:00,sensor_temp,24.98
2025-09-07 18:45:00,sensor_lux,284.12
2025-09-07 18:45:00,sensor_ocupacao,0.0
2025-09-07 19:00:00,sensor_temp,19.43
2025-09-07 19:00:00,sensor_lux,0.0
2025-09-07 19:00:00,sensor_ocupacao,0.0
2025-09-07 19:15:00,sensor_temp,19.39
2025-09-07 19:15:00,sensor_lux,0.0
2025-09-07 19:15:00,sensor_ocupacao,0.0
2025-09-07 19:30:00,sensor_temp,19.2
2025-09-07 19:30:00,sensor_lux,0.0
2025-09-07 19:30:00,sensor_ocupacao,0.0
2025-09-07 19:45:00,sensor_temp,18.85
2025-09-07 19:45:00,sensor_lux,0.0
2025-09-07 19:45:00,sensor_ocupacao,0.0
2025-09-07 20:00:00,sensor_temp,20.07
2025-09-07 20:00:00,sensor_lux,0.0
2025-09-07 20:00:00,sensor_ocupacao,0.0
2025-09-07 20:15:00,sensor_temp,21.27
2025-09-07 20:15:00,sensor_lux,0.0
2025-09-07 20:15:00,sensor_ocupacao,0.0
2025-09-07 20:30:00,sensor_temp,20.19
2025-09-07 20:30:00,sensor_lux,0.0
2025-09-07 20:30:00,sensor_ocupacao,0.0
2025-09-07 20:45:00,sensor_temp,19.84
2025-09-07 20:45:00,sensor_lux,0.0
2025-09-07 20:45:00,sensor_ocupacao,0.0
2025-09-07 21:00:00,sensor_temp,19.55
2025-09-07 21:00:00,sensor_lux,0.0
2025-09-07 21:00:00,sensor_ocupacao,0.0
2025-09-07 21:15:00,sensor_temp,19.96
2025-09-07 21:15:00,sensor_lux,0.0
2025-09-07 21:15:00,sensor_ocupacao,0.0
2025-09-07 21:30:00,sensor_temp,21.99
2025-09-07 21:30:00,sensor_lux,0.0
2025-09-07 21:30:00,sensor_ocupacao,0.0
2025-09-07 21:45:00,sensor_temp,21.47
2025-09-07 21:45:00,sensor_lux,0.0
2025-09-07 21:45:00,sensor_ocupacao,0.0
2025-09-07 22:00:00,sensor_temp,19.05
2025-09-07 22:00:00,sensor_lux,0.0
2025-09-07 22:00:00,sensor_ocupacao,0.0
2025-09-07 22:15:00,sensor_temp,19.68
2025-09-07 22:15:00,sensor_lux,0.0
2025-09-07 22:15:00,sensor_ocupacao,0.0
2025-09-07 22:30:00,sensor_temp,19.59
2025-09-07 22:30:00,sensor_lux,0.0
2025-09-07 22:30:00,sensor_ocupacao,0.0
2025-09-07 22:45:00,sensor_temp,19.04
2025-09-07 22:45:00,sensor_lux,0.0
2025-09-07 22:45:00,sensor_ocupacao,0.0
2025-09-07 23:00:00,sensor_temp,18.82
2025-09-07 23:00:00,sensor_lux,0.0
2025-09-07 23:00:00,sensor_ocupacao,0.0
2025-09-07 23:15:00,sensor_temp,20.64
2025-09-07 23:15:00,sensor_lux,0.0
2025-09-07 23:15:00,sensor_ocupacao,0.0
2025-09-07 23:30:00,sensor_temp,19.77
2025-09-07 23:30:00,sensor_lux,0.0
2025-09-07 23:30:00,sensor_ocupacao,1.0
2025-09-07 23:45:00,sensor_temp,21.92
2025-09-07 23:45:00,sensor_lux,0.0
2025-09-07 23:45:00,sensor_ocupacao,1.0
2025-09-08 00:00:00,sensor_temp,20.95
2025-09-08 00:00:00,sensor_lux,0.0
2025-09-08 00:00:00,sensor_ocupacao,0.0
